j1,1,72
j2,1,1383
j3,1,7
j4,1,30
j5,1,304
j6,1,55
j7,4,1264
j8,3,6
j9,4,849
j10,1,27
j11,6,23
j12,1,73
j13,1,1388
j14,1,4
j15,1,243
j16,1,1
j17,1,1383
j18,8,730
j19,1,1143
j20,1,1381
j21,1,93
j22,56,1268
j23,1,1330
j24,1,785
j25,3,365
j26,1,121
j27,69,244
j28,1,18
j29,1,118
j30,29,59
j31,1,724
j32,1,725
j33,1,26
j34,1,1
j35,2,1
j36,1,93
j37,4,1386
j38,1,1
j39,8,310
j40,1,785
j41,4,114
j42,4,4
j43,1,5
j44,5,14
j45,1,1381
j46,1,250
j47,1,1026
j48,4,27
j49,1,51
j50,24,110
j51,1,74
j52,6,1143
j53,1,1270
j54,1,902
j55,1,5
j56,1,1
j57,1,303
j58,1,1385
j59,30,57
j60,1,670
j61,1,124
j62,3,3
j63,1,1021
j64,1,363
j65,1,1
j66,1,666
j67,1,1089
j68,1,782
j69,1,966
j70,29,484
j71,1,4
j72,1,1086
j73,1,303
j74,1,541
j75,8,843
j76,3,1030
j77,1,1
j78,1,1269
j79,1,36
j80,1,1269
j81,1,5
j82,1,22
j83,6,1023
j84,1,16
j85,1,1388
j86,1,27
j87,1,601
j88,15,1
j89,1,49
j90,1,63
j91,1,3
j92,1,34
j93,1,1387
j94,1,62
j95,1,1
j96,4,4
j97,1,961
j98,60,4
j99,1,120
j100,1,488
j101,1,38
j102,4,247
j103,1,242
j104,1,40
j105,4,116
j106,1,362
j107,1,62
j108,1,427
j109,1,1
j110,2,52
j111,1,93
j112,1,54
j113,1,1088
j114,1,9
j115,46,96
j116,2,669
j117,5,1
j118,1,59
j119,1,1
j120,1,37
j121,1,46
j122,1,244
j123,1,1
j124,1,1
j125,1,58
j126,1,59
j127,4,8
j128,1,27
j129,5,6
j130,1,48
j131,2,1
j132,1,481
j133,1,7
j134,1,242
j135,1,185
j136,1,60
j137,4,6
j138,3,43
j139,1,4
j140,1,486
j141,1,13
j142,25,1
j143,1,5
j144,1,486
j145,1,247
j146,1,1090
j147,1,1141
j148,8,1381
j149,1,306
j150,1,189
j151,1,1387
j152,1,1
j153,4,1384
j154,5,1326
j155,1,1
j156,6,1210
j157,1,61
j158,3,45
j159,1,84
j160,1,18
j161,1,1
j162,1,40
j163,1,21
j164,1,1
j165,1,1
j166,1,1149
j167,10,487
j168,15,9
j169,1,9
j170,1,428
j171,1,1
j172,40,10
j173,1,33
j174,1,730
j175,1,39
j176,4,548
j177,3,24
j178,1,969
j179,8,1327
j180,4,668
j181,1,545
j182,1,1266
j183,1,66
j184,1,32
j185,1,726
j186,8,102
j187,1,10
j188,1,1
j189,1,49
j190,36,1203
j191,1,42
j192,1,4
j193,1,93
j194,1,1267
j195,15,8
j196,1,1264
j197,1,6
j198,1,25
j199,1,1
j200,1,1
j201,1,543
j202,1,966
j203,8,25
j204,12,24
j205,1,142
j206,1,1
j207,1,48
j208,1,1209
j209,4,610
j210,1,307
j211,1,902
j212,1,110
j213,8,23
j214,16,1206
j215,3,56
j216,3,1082
j217,1,58
j218,5,40
j219,13,113
j220,1,81
j221,4,26
j222,1,302
j223,4,72
j224,4,57
j225,100,3
j226,1,107
j227,1,365
j228,5,65
j229,1,6
j230,1,782
j231,1,99
j232,1,17
j233,1,17
j234,1,1210
j235,4,100
j236,1,5
j237,4,421
j238,1,1386
j239,8,1
j240,4,32
j241,2,307
j242,1,2
j243,4,6
j244,1,26
j245,6,422
j246,1,1148
j247,1,484
j248,1,1
j249,1,2
j250,1,1
j251,1,18
j252,1,244
j253,49,1
j254,4,42
j255,1,1149
j256,1,26
j257,1,664
j258,1,53
j259,1,249
j260,1,301
j261,1,11
j262,1,24
j263,1,55
j264,1,1202
j265,1,21
j266,4,7
j267,1,426
j268,1,904
j269,1,1
j270,5,244
j271,1,1
j272,1,87
j273,1,71
j274,99,848
j275,1,1089
j276,1,1270
j277,1,1
j278,1,901
j279,1,31
j280,9,8
j281,1,21
j282,1,8
j283,1,1
j284,1,305
j285,1,4
j286,10,141
j287,3,1
j288,1,369
j289,1,26
j290,5,182
j291,4,1
j292,1,118
j293,1,1381
j294,1,114
j295,1,53
j296,1,241
j297,8,1330
j298,8,185
j299,1,68
j300,1,46
j301,1,1
j302,1,1084
j303,1,11
j304,1,368
j305,1,365
j306,1,9
j307,1,53
j308,1,46
j309,5,1385
j310,2,1
j311,1,306
j312,1,3
j313,8,129
j314,1,1
j315,1,89
j316,1,1388
j317,1,2
j318,1,1024
j319,16,48
j320,1,114
j321,5,67
j322,1,1
j323,1,90
j324,8,1024
j325,40,30
j326,1,143
j327,1,1
j328,1,249
j329,1,1
j330,1,248
j331,8,28
j332,1,481
j333,1,21
j334,1,188
j335,1,51
j336,1,11
j337,1,39
j338,2,1088
j339,1,422
j340,11,26
j341,58,54
j342,1,51
j343,1,1
j344,13,1
j345,1,58
j346,8,23
j347,1,1144
j348,1,303
j349,1,665
j350,8,303
j351,1,1207
j352,1,14
j353,1,968
j354,1,55
j355,4,26
j356,52,243
j357,1,1148
j358,4,95
j359,1,53
j360,1,541
j361,4,146
j362,1,58
j363,1,541
j364,1,1150
j365,1,722
j366,1,841
j367,1,58
j368,59,1263
j369,46,61
j370,4,12
j371,1,544
j372,28,10
j373,49,547
j374,1,40
j375,78,164
j376,1,5
j377,5,22
j378,1,1081
j379,1,1
j380,1,310
j381,2,1
j382,1,111
j383,1,108
j384,1,1148
j385,2,244
j386,1,1
j387,4,23
j388,1,54
j389,1,57
j390,1,307
j391,1,25
j392,1,103
j393,1,1386
j394,2,43
j395,1,187
j396,1,1143
j397,1,1208
j398,1,6
j399,1,250
j400,1,53
j401,1,964
j402,1,124
j403,1,74
j404,1,51
j405,1,1202
j406,1,6
j407,1,54
j408,1,249
j409,1,609
j410,5,243
j411,1,1081
j412,1,1
j413,1,25
j414,1,4
j415,1,28
j416,1,52
j417,1,244
j418,1,1
j419,1,548
j420,4,1321
j421,1,26
j422,1,55
j423,1,17
j424,1,27
j425,1,8
j426,14,11
j427,1,56
j428,1,1087
j429,14,1
j430,4,71
j431,10,59
j432,1,246
j433,4,186
j434,1,25
j435,1,670
j436,4,310
j437,1,1
j438,3,1202
j439,1,37
j440,1,20
j441,1,907
j442,1,53
j443,1,16
j444,1,1321
j445,1,1
j446,1,66
j447,40,843
j448,1,1388
j449,1,13
j450,1,39
j451,11,28
j452,1,65
j453,1,54
j454,4,52
j455,1,244
j456,29,55
j457,1,1025
j458,4,723
j459,1,13
j460,1,182
j461,1,1389
j462,8,483
j463,1,1262
j464,1,1266
j465,1,16
j466,1,1387
j467,1,39
j468,1,4
j469,1,65
j470,1,6
j471,4,1270
j472,5,1206
j473,4,57
j474,1,2
j475,1,27
j476,4,8
j477,1,1383
j478,1,9
j479,1,55
j480,1,1081
j481,1,10
j482,1,30
j483,1,2
j484,1,250
j485,1,37
j486,1,105
j487,1,36
j488,15,1265
j489,8,1321
j490,1,610
j491,1,1386
j492,8,362
j493,1,32
j494,1,52
j495,4,1330
j496,1,64
j497,1,10
j498,1,69
j499,1,25
j500,1,247
j501,1,11
j502,36,964
j503,1,905
j504,1,1323
j505,1,1385
j506,4,1382
j507,1,188
j508,1,26
j509,1,22
j510,5,1086
j511,8,74
j512,1,167
j513,1,247
j514,1,1086
j515,8,12
j516,5,47
j517,1,785
j518,1,5
j519,1,56
j520,78,36
j521,1,41
j522,1,38
j523,1,39
j524,1,55
j525,1,57
j526,1,606
j527,1,1322
j528,1,57
j529,1,1
j530,8,34
j531,1,126
j532,10,1082
j533,1,1
j534,1,9
j535,1,56
j536,1,1090
j537,1,547
j538,71,427
j539,1,1382
j540,9,57
j541,1,71
j542,1,1
j543,1,43
j544,1,1382
j545,1,1387
j546,1,23
j547,1,1086
j548,1,84
j549,1,8
j550,1,3
j551,1,365
j552,1,38
j553,1,1383
j554,1,1
j555,1,245
j556,1,30
j557,1,21
j558,1,1
j559,4,78
j560,1,3
j561,1,40
j562,55,3
j563,1,1
j564,1,845
j565,1,1
j566,8,1209
j567,47,968
j568,4,187
j569,2,1
j570,1,13
j571,1,11
j572,1,10
j573,1,1027
j574,82,1386
j575,1,52
j576,1,364
j577,1,483
j578,5,21
j579,1,4
j580,1,59
j581,1,42
j582,4,36
j583,38,174
j584,1,108
j585,1,1
j586,1,54
j587,1,1
j588,1,1326
j589,1,174
j590,1,1
j591,36,26
j592,1,1085
j593,4,28
j594,1,25
j595,1,2
j596,15,722
j597,1,1
j598,1,1268
j599,1,12
j600,1,310
j601,1,1386
j602,8,845
j603,1,5
j604,3,964
j605,4,1
j606,1,45
j607,1,8
j608,1,546
j609,1,666
j610,22,1030
j611,1,101
j612,1,545
j613,1,56
j614,20,8
j615,1,6
j616,1,7
j617,1,1145
j618,58,310
j619,1,38
j620,1,1090
j621,1,248
j622,35,366
j623,1,1383
j624,1,1386
j625,1,1
j626,1,37
j627,1,6
j628,1,1390
j629,1,55
j630,1,1381
j631,1,1270
j632,51,49
j633,1,1327
j634,1,1
j635,1,1
j636,9,59
j637,4,134
j638,1,116
j639,1,730
j640,1,1388
j641,1,78
j642,1,55
j643,1,1386
j644,1,247
j645,1,56
j646,1,47
j647,1,1
j648,1,1266
j649,32,1083
j650,4,186
j651,1,7
j652,1,1141
j653,1,68
j654,1,2
j655,51,308
j656,1,24
j657,8,1
j658,1,250
j659,1,1388
j660,1,1
j661,5,543
j662,1,7
j663,5,426
j664,1,482
j665,1,962
j666,1,26
j667,1,250
j668,1,10
j669,55,168
j670,8,29
j671,1,70
j672,1,111
j673,1,68
j674,1,35
j675,1,1146
j676,4,1381
j677,1,88
j678,1,8
j679,1,58
j680,8,96
j681,1,42
j682,1,1
j683,1,63
j684,1,8
j685,1,1
j686,1,28
j687,1,547
j688,1,2
j689,1,2
j690,1,53
j691,41,76
j692,1,967
j693,1,905
j694,62,59
j695,1,1085
j696,1,108
j697,1,782
j698,3,12
j699,2,136
j700,8,18
j701,1,1
j702,1,248
j703,1,1030
j704,5,1085
j705,1,11
j706,1,1146
j707,4,79
j708,1,306
j709,1,55
j710,1,1
j711,1,12
j712,8,182
j713,1,247
j714,1,82
j715,1,26
j716,1,25
j717,1,243
j718,1,74
j719,1,29
j720,1,61
j721,1,22
j722,1,31
j723,59,481
j724,1,22
j725,1,1089
j726,1,8
j727,1,114
j728,1,308
j729,1,3
j730,1,24
j731,1,1023
j732,1,1
j733,1,1
j734,1,1
j735,1,24
j736,1,28
j737,1,430
j738,1,543
j739,1,2
j740,1,44
j741,1,1029
j742,1,65
j743,1,6
j744,1,74
j745,1,2
j746,65,1
j747,52,247
j748,1,50
j749,1,1390
j750,1,6
j751,1,1
j752,1,106
j753,1,4
j754,73,6
j755,1,247
j756,1,1
j757,8,8
j758,1,1149
j759,1,24
j760,1,548
j761,1,1
j762,1,42
j763,1,22
j764,1,9
j765,1,70
j766,16,1023
j767,1,14
j768,1,969
j769,1,71
j770,1,183
j771,1,20
j772,10,302
j773,1,23
j774,1,114
j775,1,1
j776,1,5
j777,1,423
j778,8,250
j779,1,1
j780,1,1029
j781,1,1029
j782,1,31
j783,1,24
j784,1,1
j785,4,61
j786,17,1082
j787,1,1
j788,1,604
j789,1,58
j790,1,4
j791,1,38
j792,1,28
j793,1,3
j794,1,14
j795,1,243
j796,1,249
j797,1,50
j798,1,185
j799,1,42
j800,1,1143
j801,95,1330
j802,1,962
j803,4,1390
j804,8,1385
j805,1,1386
j806,1,15
j807,1,184
j808,12,243
j809,8,1389
j810,1,10
j811,5,72
j812,1,604
j813,1,1381
j814,1,170
j815,1,848
j816,1,2
j817,1,1382
j818,1,366
j819,1,1081
j820,1,1
j821,1,90
j822,1,44
j823,1,117
j824,1,310
j825,15,1
j826,1,37
j827,1,426
j828,1,724
j829,1,2
j830,3,107
j831,4,1382
j832,1,1389
j833,1,99
j834,1,94
j835,1,69
j836,6,1389
j837,1,1
j838,8,1148
j839,58,56
j840,1,1
j841,1,1270
j842,1,968
j843,1,2
j844,1,787
j845,1,63
j846,2,99
j847,1,35
j848,8,1270
j849,1,30
j850,18,1387
j851,1,60
j852,1,33
j853,1,31
j854,1,1389
j855,1,23
j856,1,43
j857,1,424
j858,1,1022
j859,1,422
j860,1,25
j861,1,19
j862,1,1143
j863,1,2
j864,4,241
j865,1,21
j866,1,188
j867,1,2
j868,4,1327
j869,8,1082
j870,1,57
j871,56,19
j872,1,1
j873,1,14
j874,1,11
j875,1,109
j876,1,58
j877,52,1385
j878,1,42
j879,1,2
j880,8,4
j881,1,23
j882,1,45
j883,1,22
j884,1,1389
j885,1,1384
j886,1,363
j887,1,37
j888,2,1323
j889,1,1382
j890,1,49
j891,1,361
j892,1,53
j893,1,22
j894,55,1
j895,1,10
j896,4,1
j897,1,490
j898,1,33
j899,1,1146
j900,1,186
j901,1,1388
j902,1,10
j903,4,1322
j904,1,842
j905,1,670
j906,1,904
j907,1,241
j908,28,609
j909,1,39
j910,1,610
j911,7,6
j912,1,544
j913,1,56
j914,1,1
j915,1,40
j916,5,157
j917,1,1
j918,1,1
j919,1,10
j920,1,848
j921,1,157
j922,1,11
j923,1,41
j924,1,29
j925,1,1
j926,2,18
j927,1,249
j928,47,1263
j929,1,483
j930,1,55
j931,1,23
j932,12,483
j933,1,1
j934,1,29
j935,1,250
j936,1,21
j937,1,52
j938,1,547
j939,1,101
j940,1,82
j941,1,2
j942,1,4
j943,1,37
j944,1,181
j945,1,1
j946,8,1
j947,1,961
j948,8,8
j949,8,3
j950,17,71
j951,1,105
j952,1,1
j953,1,54
j954,1,53
j955,1,1
j956,1,1
j957,1,9
j958,4,62
j959,1,843
j960,1,10
j961,1,2
j962,33,246
j963,4,7
j964,5,1025
j965,1,1
j966,1,51
j967,55,1330
j968,1,1
j969,1,1263
j970,1,57
j971,1,1
j972,1,42
j973,4,549
j974,31,1
j975,1,109
j976,8,248
j977,24,20
j978,1,3
j979,1,248
j980,55,44
j981,1,44
j982,1,125
j983,1,483
j984,1,8
j985,1,10
j986,15,667
j987,62,1325
j988,1,55
j989,3,26
j990,1,1
j991,1,1387
j992,4,421
j993,1,247
j994,5,1209
j995,1,27
j996,1,26
j997,1,369
j998,1,1385
j999,1,25
j1000,1,1382
j1001,1,6
j1002,1,1
j1003,1,1389
j1004,1,1
j1005,6,33
j1006,1,147
j1007,1,51
j1008,1,1386
j1009,1,905
j1010,4,247
j1011,4,91
j1012,4,56
j1013,1,1
j1014,1,26
j1015,1,152
j1016,1,8
j1017,1,38
j1018,1,6
j1019,1,1021
j1020,1,53
j1021,1,964
j1022,1,16
j1023,1,1387
j1024,1,1262
j1025,1,38
j1026,1,606
j1027,9,1146
j1028,1,245
j1029,1,1
j1030,8,1323
j1031,53,1
j1032,8,302
j1033,1,247
j1034,1,1
j1035,2,1024
j1036,1,41
j1037,1,1386
j1038,1,55
j1039,1,1381
j1040,1,97
j1041,1,18
j1042,57,26
j1043,1,83
j1044,1,481
j1045,1,108
j1046,14,1321
j1047,1,1
j1048,1,91
j1049,1,23
j1050,31,1205
j1051,31,39
j1052,1,15
j1053,1,4
j1054,3,364
j1055,1,31
j1056,1,119
j1057,1,32
j1058,2,543
j1059,55,50
j1060,1,247
j1061,1,86
j1062,1,1323
j1063,1,243
j1064,1,544
j1065,1,33
j1066,1,94
j1067,1,22
j1068,1,1089
j1069,6,422
j1070,2,1083
j1071,1,1024
j1072,1,5
j1073,1,1206
j1074,1,40
j1075,1,1207
j1076,5,1
j1077,1,1384
j1078,1,1
j1079,4,488
j1080,4,1266
j1081,53,84
j1082,1,1382
j1083,1,29
j1084,8,1
j1085,1,1204
j1086,1,29
j1087,3,1
j1088,1,901
j1089,1,39
j1090,1,4
j1091,1,489
j1092,4,1206
j1093,1,1385
j1094,5,1203
j1095,1,81
j1096,1,7
j1097,43,98
j1098,1,33
j1099,8,1
j1100,1,40
j1101,1,366
j1102,1,1389
j1103,3,606
j1104,1,1389
j1105,1,607
j1106,1,781
j1107,4,1088
j1108,1,106
j1109,8,7
j1110,1,30
j1111,1,722
j1112,1,5
j1113,1,370
j1114,1,370
j1115,4,16
j1116,1,8
j1117,1,1
j1118,2,1
j1119,55,38
j1120,1,1
j1121,1,302
j1122,1,782
j1123,4,54
j1124,1,1026
j1125,1,1329
j1126,13,669
j1127,1,1390
j1128,1,666
j1129,39,1386
j1130,1,182
j1131,1,1
j1132,4,608
j1133,1,57
j1134,1,1384
j1135,1,784
j1136,33,1
j1137,1,57
j1138,1,12
j1139,58,24
j1140,1,2
j1141,1,28
j1142,1,6
j1143,1,3
j1144,1,1
j1145,1,5
j1146,1,52
j1147,1,52
j1148,13,75
j1149,4,605
j1150,1,25
j1151,1,607
j1152,2,53
j1153,1,667
j1154,8,1383
j1155,1,544
j1156,21,23
j1157,1,64
j1158,1,1205
j1159,1,91
j1160,1,8
j1161,1,1
j1162,10,1
j1163,1,1027
j1164,1,487
j1165,32,44
j1166,1,910
j1167,5,71
j1168,8,303
j1169,1,244
j1170,2,1323
j1171,5,32
j1172,8,77
j1173,1,1269
j1174,1,30
j1175,1,39
j1176,1,1143
j1177,1,543
j1178,1,1147
j1179,1,1384
j1180,1,24
j1181,4,484
j1182,3,31
j1183,1,1
j1184,3,6
j1185,45,70
j1186,3,1386
j1187,1,53
j1188,1,302
j1189,1,188
j1190,4,1388
j1191,1,62
j1192,4,662
j1193,1,18
j1194,60,1
j1195,1,603
j1196,1,1
j1197,1,10
j1198,1,10
j1199,65,724
j1200,5,22
j1201,53,1383
j1202,1,60
j1203,1,41
j1204,1,33
j1205,8,1029
j1206,1,30
j1207,1,1328
j1208,1,1
j1209,1,1150
j1210,1,22
j1211,1,33
j1212,1,1263
j1213,1,846
j1214,8,57
j1215,28,1387
j1216,1,1205
j1217,34,310
j1218,1,32
j1219,4,54
j1220,19,1383
j1221,4,34
j1222,3,549
j1223,4,481
j1224,1,1142
j1225,1,249
j1226,1,603
j1227,1,304
j1228,8,7
j1229,1,22
j1230,1,55
j1231,1,137
j1232,1,850
j1233,12,1
j1234,1,604
j1235,6,8
j1236,1,1
j1237,3,841
j1238,1,1385
j1239,1,1084
j1240,1,1027
j1241,1,155
j1242,1,1382
j1243,16,308
j1244,10,1
j1245,1,35
j1246,1,1
j1247,1,1261
j1248,1,72
j1249,1,8
j1250,1,54
j1251,1,1325
j1252,1,76
j1253,1,961
j1254,1,54
j1255,1,1
j1256,4,1149
j1257,1,1
j1258,1,67
j1259,1,87
j1260,1,542
j1261,1,1025
j1262,4,1
j1263,1,1205
j1264,5,543
j1265,1,848
j1266,5,21
j1267,4,1323
j1268,1,1
j1269,1,1026
j1270,1,14
j1271,1,6
j1272,1,47
j1273,63,1205
j1274,1,1266
j1275,1,64
j1276,6,308
j1277,1,966
j1278,1,1
j1279,1,37
j1280,8,21
j1281,1,1026
j1282,1,8
j1283,1,164
j1284,1,1150
j1285,5,961
j1286,1,183
j1287,1,77
j1288,1,103
j1289,1,1
j1290,3,1203
j1291,4,83
j1292,1,27
j1293,1,183
j1294,4,1
j1295,1,305
j1296,8,1030
j1297,1,38
j1298,1,1
j1299,1,1
j1300,4,71
j1301,1,1389
j1302,4,71
j1303,4,67
j1304,1,1145
j1305,1,74
j1306,1,249
j1307,1,1085
j1308,4,37
j1309,1,369
j1310,1,1
j1311,1,1322
j1312,1,481
j1313,1,14
j1314,1,105
j1315,1,1270
j1316,1,1
j1317,1,5
j1318,1,1387
j1319,1,1261
j1320,1,1
j1321,1,723
j1322,4,137
j1323,4,487
j1324,3,1322
j1325,1,36
j1326,1,1
j1327,1,1084
j1328,4,1142
j1329,1,1
j1330,10,1
j1331,1,1088
j1332,1,1
j1333,1,663
j1334,1,421
j1335,18,1141
j1336,1,1
j1337,1,44
j1338,1,188
j1339,1,40
j1340,40,1
j1341,1,1384
j1342,13,40
j1343,36,4
j1344,1,75
j1345,1,4
j1346,1,131
j1347,1,1389
j1348,1,306
j1349,1,40
j1350,1,661
j1351,1,96
j1352,1,53
j1353,1,1382
j1354,1,51
j1355,1,1
j1356,1,53
j1357,1,23
j1358,1,11
j1359,1,368
j1360,4,1269
j1361,1,724
j1362,1,22
j1363,5,1266
j1364,1,45
j1365,8,17
j1366,1,1266
j1367,1,244
j1368,8,1081
j1369,57,1387
j1370,1,306
j1371,4,482
j1372,1,3
j1373,1,1
j1374,1,608
j1375,30,95
j1376,11,37
j1377,11,104
j1378,1,307
j1379,1,186
j1380,1,28
j1381,1,1383
j1382,1,173
j1383,1,366
j1384,8,1021
j1385,1,122
j1386,1,26
j1387,58,21
j1388,8,423
j1389,1,1141
j1390,8,98
j1391,2,27
j1392,1,22
j1393,1,607
j1394,1,52
j1395,1,1141
j1396,1,970
j1397,1,7
j1398,16,1082
j1399,1,11
j1400,1,969
j1401,1,17
j1402,1,1203
j1403,1,58
j1404,1,4
j1405,1,1
j1406,1,22
j1407,1,1381
j1408,8,1388
j1409,1,9
j1410,1,20
j1411,1,549
j1412,4,365
j1413,1,309
j1414,1,1089
j1415,1,3
j1416,1,29
j1417,1,109
j1418,15,51
j1419,4,1
j1420,3,6
j1421,1,309
j1422,1,422
j1423,10,1390
j1424,1,1027
j1425,1,1026
j1426,1,29
j1427,1,28
j1428,36,1
j1429,1,23
j1430,1,2
j1431,18,104
j1432,8,56
j1433,3,10
j1434,1,487
j1435,1,115
j1436,1,1389
j1437,1,1
j1438,1,55
j1439,3,80
j1440,100,1090
j1441,31,8
j1442,1,45
j1443,1,1090
j1444,8,908
j1445,1,37
j1446,1,1024
j1447,1,18
j1448,8,32
j1449,1,7
j1450,4,40
j1451,1,9
j1452,1,1210
j1453,1,6
j1454,1,60
j1455,3,1390
j1456,1,1
j1457,1,781
j1458,8,602
j1459,1,60
j1460,2,17
j1461,1,245
j1462,59,1
j1463,1,1
j1464,4,7
j1465,1,120
j1466,1,182
j1467,1,184
j1468,1,1385
j1469,1,55
j1470,1,1145
j1471,1,73
j1472,4,5
j1473,4,31
j1474,1,122
j1475,1,727
j1476,1,1389
j1477,1,8
j1478,8,544
j1479,1,483
j1480,4,1
j1481,11,22
j1482,4,19
j1483,1,1
j1484,1,1385
j1485,9,27
j1486,1,1265
j1487,1,427
j1488,5,68
j1489,50,1328
j1490,1,1
j1491,1,4
j1492,1,23
j1493,1,1086
j1494,47,69
j1495,1,117
j1496,1,1321
j1497,5,1
j1498,1,1326
j1499,1,95
j1500,1,1
j1501,58,13
j1502,18,32
j1503,1,1
j1504,1,1090
j1505,1,1
j1506,1,36
j1507,1,24
j1508,1,21
j1509,1,22
j1510,1,88
j1511,4,66
j1512,1,20
j1513,1,147
j1514,70,1386
j1515,1,22
j1516,1,1382
j1517,1,1328
j1518,1,1389
j1519,1,51
j1520,1,244
j1521,1,190
j1522,1,30
j1523,1,24
j1524,1,244
j1525,1,488
j1526,1,25
j1527,1,1
j1528,1,425
j1529,1,1324
j1530,1,1264
j1531,1,63
j1532,1,602
j1533,1,729
j1534,1,32
j1535,1,1328
j1536,1,74
j1537,4,1
j1538,1,544
j1539,1,1150
j1540,4,190
j1541,1,486
j1542,1,51
j1543,1,125
j1544,1,363
j1545,1,24
j1546,2,63
j1547,8,1082
j1548,1,53
j1549,1,1
j1550,409,62
j1551,1,1384
j1552,2,1390
j1553,74,1083
j1554,1,31
j1555,57,727
j1556,4,95
j1557,8,72
j1558,33,7
j1559,1,28
j1560,1,9
j1561,1,609
j1562,1,1266
j1563,1,45
j1564,60,4
j1565,1,244
j1566,1,45
j1567,1,970
j1568,1,1
j1569,1,1390
j1570,1,309
j1571,353,1150
j1572,60,1390
j1573,2,1
j1574,1,301
j1575,27,1024
j1576,1,133
j1577,5,544
j1578,1,724
j1579,1,1
j1580,1,1
j1581,1,47
j1582,5,47
j1583,46,1
j1584,1,1390
j1585,1,605
j1586,151,1328
j1587,1,52
j1588,17,245
j1589,1470,74
j1590,1,664
j1591,1,24
j1592,1,109
j1593,1,301
j1594,1,1082
j1595,1,1387
j1596,1,1
j1597,1,57
j1598,41,1
j1599,1,1143
j1600,1,481
j1601,1,32
j1602,1,159
j1603,1,22
j1604,1,963
j1605,1,52
j1606,8,32
j1607,1,113
j1608,2,20
j1609,1,23
j1610,1,23
j1611,1,1
j1612,1,1381
j1613,1,34
j1614,1,72
j1615,1,1
j1616,1,1
j1617,1,8
j1618,1,62
j1619,1,790
j1620,1,26
j1621,1,5
j1622,1,908
j1623,1,547
j1624,1,35
j1625,13,844
j1626,394,249
j1627,5,75
j1628,1,49
j1629,8,51
j1630,1,97
j1631,157,21
j1632,1,909
j1633,8,1388
j1634,4,111
j1635,1,1
j1636,1,7
j1637,9,11
j1638,1,369
j1639,36,58
j1640,8,1
j1641,1,24
j1642,4,486
j1643,1,243
j1644,1,605
j1645,1,1149
j1646,1,602
j1647,1,1
j1648,1,44
j1649,1,1
j1650,1,370
j1651,1,242
j1652,1,3
j1653,1,16
j1654,71,8
j1655,1,1022
j1656,10,24
j1657,50,17
j1658,6,28
j1659,1,62
j1660,4,1388
j1661,1,8
j1662,1,365
j1663,1,59
j1664,1,246
j1665,1,1
j1666,1,52
j1667,4,61
j1668,1,16
j1669,10,541
j1670,5,549
j1671,4,1084
j1672,1,1389
j1673,1,1146
j1674,1,490
j1675,18,1
j1676,1,47
j1677,1,6
j1678,37,1390
j1679,1,36
j1680,1,22
j1681,1,1
j1682,58,964
j1683,1,6
j1684,1,14
j1685,1,548
j1686,1,1
j1687,3,1149
j1688,1,83
j1689,1,1328
j1690,1,190
j1691,1,1
j1692,4,91
j1693,322,1203
j1694,1,64
j1695,297,38
j1696,1,38
j1697,1,482
j1698,1,1144
j1699,1,245
j1700,1,6
j1701,4,116
j1702,1,546
j1703,4,306
j1704,4,21
j1705,4,1083
j1706,1,5
j1707,1,1389
j1708,4,38
j1709,1,485
j1710,1,189
j1711,1,481
j1712,3,54
j1713,6,102
j1714,2,542
j1715,2,41
j1716,1,37
j1717,1,1208
j1718,1,58
j1719,4,106
j1720,1,306
j1721,1,1082
j1722,1,1268
j1723,1,1
j1724,1,1209
j1725,1,728
j1726,8,1387
j1727,2,487
j1728,8,729
j1729,1,24
j1730,67,1
j1731,1,6
j1732,1,306
j1733,3,50
j1734,1,310
j1735,15,1267
j1736,8,305
j1737,60,83
j1738,1,544
j1739,1,1389
j1740,1,145
j1741,1,188
j1742,1,1
j1743,62,1
j1744,8,25
j1745,1,49
j1746,524,4
j1747,1,16
j1748,1,1
j1749,1,18
j1750,1,1387
j1751,1,302
j1752,1,60
j1753,4,116
j1754,4,669
j1755,1,99
j1756,1,1
j1757,1,23
j1758,1,189
j1759,5,1024
j1760,10,247
j1761,14,1206
j1762,11,1207
j1763,15,22
j1764,1,1265
j1765,1,1
j1766,6,10
j1767,1,52
j1768,1,963
j1769,156,848
j1770,54,9
j1771,1,1326
j1772,1,1084
j1773,1,77
j1774,1,663
j1775,1,123
j1776,1,1090
j1777,10,47
j1778,100,57
j1779,41,783
j1780,1,1
j1781,1,71
j1782,16,32
j1783,4,59
j1784,1,303
j1785,1,2
j1786,1,1386
j1787,5,70
j1788,1,1325
j1789,1,548
j1790,55,25
j1791,1,99
j1792,1,37
j1793,70,184
j1794,56,1383
j1795,1,55
j1796,1,55
j1797,4,1
j1798,8,51
j1799,1,1028
j1800,1,1082
j1801,1,52
j1802,1,63
j1803,5,118
j1804,1,39
j1805,1,27
j1806,9,365
j1807,1,11
j1808,1,303
j1809,1,96
j1810,1,1086
j1811,1,1086
j1812,1,1390
j1813,1,1387
j1814,1,30
j1815,1,486
j1816,1,1265
j1817,2,304
j1818,1,428
j1819,1,68
j1820,1,10
j1821,1,78
j1822,49,1
j1823,1,1382
j1824,4,1323
j1825,13,53
j1826,31,9
j1827,1,9
j1828,1,247
j1829,1,1141
j1830,1,1
j1831,1,8
j1832,1,541
j1833,1,37
j1834,1,307
j1835,1,9
j1836,1,249
j1837,4,243
j1838,1,1029
j1839,1,1
j1840,1,52
j1841,1,1082
j1842,1,1
j1843,1,10
j1844,55,4
j1845,1,38
j1846,1,248
j1847,1,27
j1848,118,13
j1849,4,167
j1850,1,53
j1851,1,1088
j1852,4,243
j1853,8,1385
j1854,1,424
j1855,1,29
j1856,1,1
j1857,1,1024
j1858,1,248
j1859,4,1384
j1860,1,67
j1861,1,1
j1862,8,28
j1863,44,6
j1864,8,19
j1865,5,1
j1866,2,367
j1867,8,2
j1868,4,428
j1869,1,106
j1870,57,965
j1871,1,1267
j1872,1,542
j1873,1,1
j1874,1,482
j1875,1,1383
j1876,1,10
j1877,1,1088
j1878,1,1
j1879,1,548
j1880,1,1326
j1881,1,2
j1882,1,100
j1883,1,35
j1884,62,41
j1885,1,486
j1886,1,364
j1887,1,489
j1888,1,247
j1889,1,1
j1890,1,120
j1891,1,1
j1892,1,844
j1893,298,1
j1894,1,246
j1895,1,602
j1896,1,1027
j1897,1,60
j1898,1,367
j1899,212,29
j1900,1,250
j1901,1,39
j1902,1,41
j1903,1,1207
j1904,1,548
j1905,1,78
j1906,1,58
j1907,1,1330
j1908,1,361
j1909,1,22
j1910,1,28
j1911,1,8
j1912,1,908
j1913,3,3
j1914,1,1324
j1915,4,34
j1916,4,68
j1917,1,968
j1918,1,16
j1919,1,119
j1920,1,100
j1921,1,26
j1922,160,486
j1923,1,1383
j1924,1,14
j1925,1,2
j1926,1,60
j1927,1,1
j1928,1,542
j1929,1,1
j1930,58,23
j1931,1,1090
j1932,6,4
j1933,1,1
j1934,1,1384
j1935,4,60
j1936,555,104
j1937,2,242
j1938,1,1026
j1939,1,545
j1940,8,1084
j1941,1,1390
j1942,1,31
j1943,1,610
j1944,1,189
j1945,1,52
j1946,1,39
j1947,241,25
j1948,1,108
j1949,1,1090
j1950,1,307
j1951,1,1022
j1952,1,1
j1953,8,26
j1954,1,30
j1955,1,544
j1956,4,964
j1957,1,1
j1958,38,787
j1959,4,729
j1960,10,2
j1961,1,1384
j1962,1,39
j1963,3,15
j1964,5,71
j1965,5,844
j1966,1,666
j1967,1,1143
j1968,1,1
j1969,1,250
j1970,4,25
j1971,1,965
j1972,1,37
j1973,1,111
j1974,1,143
j1975,39,11
j1976,1,488
j1977,5,1388
j1978,1,6
j1979,25,9
j1980,3,1381
j1981,1,1
j1982,4,8
j1983,3,34
j1984,1,3
j1985,1,35
j1986,1,1270
j1987,1,361
j1988,60,135
j1989,2,670
j1990,1,1389
j1991,1,1023
j1992,1,604
j1993,1,1
j1994,1,1204
j1995,1,728
j1996,1,1
j1997,1,68
j1998,1,484
j1999,1,1
j2000,15,149
j2001,1,606
j2002,1,1
j2003,1,14
j2004,1,171
j2005,1,1
j2006,1,28
j2007,5,3
j2008,1,241
j2009,2,30
j2010,1,21
j2011,1,1
j2012,5,1026
j2013,1,1389
j2014,1,609
j2015,4,241
j2016,120,31
j2017,1,301
j2018,1,1384
j2019,2,1148
j2020,188,49
j2021,29,1382
j2022,1,190
j2023,2,9
j2024,9,481
j2025,1,5
j2026,1,1
j2027,1,57
j2028,1,92
j2029,1,11
j2030,1,1090
j2031,1,85
j2032,1,32
j2033,2,845
j2034,1,1141
j2035,1,1022
j2036,3,40
j2037,1,427
j2038,1,1207
j2039,1,49
j2040,1,1381
j2041,1,967
j2042,1,1262
j2043,5,90
j2044,1,962
j2045,1,13
j2046,1,1085
j2047,1,8
j2048,1,1385
j2049,1,14
j2050,1,51
j2051,1,26
j2052,22,249
j2053,1,1
j2054,13,728
j2055,1,1
j2056,54,1
j2057,8,1085
j2058,1,1143
j2059,1,1384
j2060,1,27
j2061,1,1204
j2062,1,28
j2063,3,72
j2064,1,57
j2065,4,1388
j2066,31,1
j2067,1,970
j2068,1,35
j2069,1,13
j2070,1,12
j2071,4,32
j2072,1,59
j2073,1,74
j2074,36,1
j2075,1,1
j2076,55,1389
j2077,1,42
j2078,1,58
j2079,1,305
j2080,27,247
j2081,1,301
j2082,31,117
j2083,1,1
j2084,1,15
j2085,1,1022
j2086,1,305
j2087,10,119
j2088,1,5
j2089,105,83
j2090,1,1023
j2091,171,1088
j2092,1,44
j2093,396,26
j2094,1,723
j2095,47,23
j2096,1,15
j2097,1,1
j2098,1,68
j2099,1,6
j2100,1,80
j2101,1,1269
j2102,1,1382
j2103,1,7
j2104,8,545
j2105,1,19
j2106,4,41
j2107,1,8
j2108,1,71
j2109,1,127
j2110,1,1
j2111,10,249
j2112,1,786
j2113,1,1148
j2114,1,56
j2115,154,120
j2116,1,100
j2117,1,1329
j2118,1,29
j2119,1,1
j2120,1,368
j2121,1,1381
j2122,1,1090
j2123,1,1204
j2124,1,55
j2125,1,8
j2126,1,69
j2127,1,1386
j2128,20,53
j2129,96,1
j2130,1,93
j2131,1,1027
j2132,1,5
j2133,1,1
j2134,1,782
j2135,1,784
j2136,1,57
j2137,78,25
j2138,1,541
j2139,5,25
j2140,1,8
j2141,15,9
j2142,1,56
j2143,1,27
j2144,1,906
j2145,1,1322
j2146,1,1266
j2147,1,108
j2148,1,1266
j2149,167,189
j2150,1,7
j2151,1,1321
j2152,1,65
j2153,15,1
j2154,1,1265
j2155,6,241
j2156,1,1
j2157,1,1388
j2158,1,161
j2159,1,1207
j2160,1,6
j2161,1,545
j2162,1,25
j2163,1,1390
j2164,1,1266
j2165,1,1390
j2166,1,84
j2167,5,1383
j2168,1,105
j2169,1,428
j2170,1,43
j2171,1,10
j2172,1,670
j2173,1,362
j2174,1,52
j2175,54,27
j2176,1,1204
j2177,4,423
j2178,1,1027
j2179,1,1
j2180,56,60
j2181,1,187
j2182,3,98
j2183,1,1388
j2184,1,3
j2185,53,1
j2186,1,365
j2187,1,20
j2188,1,1086
j2189,1,1323
j2190,1,1
j2191,1,1387
j2192,1,17
j2193,1,109
j2194,4,1328
j2195,1,1330
j2196,1,1
j2197,1,6
j2198,1,43
j2199,4,90
j2200,1,370
j2201,1,425
j2202,1,4
j2203,1,1383
j2204,9,41
j2205,1,24
j2206,1,1264
j2207,55,36
j2208,6,28
j2209,8,109
j2210,4,53
j2211,11,7
j2212,1,1
j2213,1,421
j2214,1,310
j2215,1,4
j2216,1,1
j2217,4,1267
j2218,1,481
j2219,1,4
j2220,1,247
j2221,1,481
j2222,1,1145
j2223,50,1387
j2224,18,729
j2225,4,1261
j2226,8,88
j2227,1,6
j2228,1,54
j2229,1,428
j2230,8,40
j2231,1,726
j2232,1,608
j2233,4,1149
j2234,4,2
j2235,1,22
j2236,1,81
j2237,1,1270
j2238,1,1150
j2239,1,781
j2240,8,427
j2241,28,1326
j2242,8,1262
j2243,1,1390
j2244,1,1
j2245,1,164
j2246,1,23
j2247,1,52
j2248,1,1
j2249,1,21
j2250,1,1390
j2251,1,1210
j2252,1,243
j2253,1,105
j2254,1,60
j2255,1,22
j2256,1,21
j2257,1,1
j2258,12,544
j2259,1,844
j2260,1,1
j2261,1,188
j2262,1,7
j2263,55,189
j2264,5,849
j2265,1,27
j2266,1,186
j2267,1,38
j2268,1,5
j2269,1,29
j2270,8,29
j2271,1,22
j2272,1,1
j2273,2,3
j2274,1,9
j2275,1,241
j2276,1,11
j2277,4,41
j2278,345,34
j2279,1,1209
j2280,1,1
j2281,1,81
j2282,5,249
j2283,13,1142
j2284,1,1327
j2285,1,247
j2286,55,31
j2287,1,33
j2288,1,1
j2289,1,8
j2290,1,1
j2291,1,245
j2292,1,24
j2293,4,1
j2294,9,23
j2295,1,48
j2296,1,1386
j2297,1,1141
j2298,1,247
j2299,16,7
j2300,1,1
j2301,1,21
j2302,4,25
j2303,1,63
j2304,1,41
j2305,1,1
j2306,4,307
j2307,1,56
j2308,8,1327
j2309,1,80
j2310,1,23
j2311,12,151
j2312,1,1
j2313,8,730
j2314,1,13
j2315,1,33
j2316,1,28
j2317,1,2
j2318,1,1089
j2319,1,1089
j2320,5,1
j2321,1,18
j2322,1,9
j2323,1,1
j2324,1,1330
j2325,1,1
j2326,1,308
j2327,1,78
j2328,1,547
j2329,1,3
j2330,1,1
j2331,1,103
j2332,40,92
j2333,10,967
j2334,1,1
j2335,1,543
j2336,122,546
j2337,1,9
j2338,1,88
j2339,1,52
j2340,8,1210
j2341,212,1382
j2342,5,962
j2343,1,1210
j2344,1,22
j2345,78,664
j2346,81,23
j2347,1,59
j2348,1,104
j2349,1,1382
j2350,1,129
j2351,1,48
j2352,2,1383
j2353,4,1264
j2354,1,11
j2355,1,2
j2356,1,904
j2357,1,102
j2358,1,60
j2359,1,1389
j2360,2,4
j2361,1,243
j2362,1,64
j2363,1,249
j2364,1,1386
j2365,1,57
j2366,1,190
j2367,1,29
j2368,4,1321
j2369,17,961
j2370,1,59
j2371,1,1085
j2372,8,17
j2373,1,30
j2374,1,27
j2375,1,85
j2376,1,6
j2377,1,78
j2378,4,23
j2379,55,1388
j2380,18,1383
j2381,1,177
j2382,3,1263
j2383,1,52
j2384,4,668
j2385,28,7
j2386,1,1084
j2387,1,1146
j2388,1,1
j2389,1,786
j2390,1,55
j2391,1,24
j2392,1,244
j2393,4,90
j2394,1,1
j2395,4,54
j2396,1,32
j2397,1,50
j2398,1,249
j2399,1,34
j2400,3,1388
j2401,1,94
j2402,1,26
j2403,8,1
j2404,1,50
j2405,20,964
j2406,8,107
j2407,1,30
j2408,1,62
j2409,4,729
j2410,1,22
j2411,1,10
j2412,1,29
j2413,1,548
j2414,1,28
j2415,1,429
j2416,1,3
j2417,1,26
j2418,4,1
j2419,1,23
j2420,1,1024
j2421,1,8
j2422,840,845
j2423,1,16
j2424,8,53
j2425,1,361
j2426,1,8
j2427,1,114
j2428,1,1030
j2429,1,1
j2430,1,91
j2431,1,53
j2432,1,4
j2433,4,1148
j2434,6,1384
j2435,1,1084
j2436,1,75
j2437,1,1
j2438,5,4
j2439,1,53
j2440,4,241
j2441,1,8
j2442,1,849
j2443,1,1385
j2444,1,1
j2445,1,119
j2446,8,48
j2447,1,1
j2448,1,1383
j2449,6,24
j2450,1,12
j2451,4,1323
j2452,5,71
j2453,99,184
j2454,1,80
j2455,1,1
j2456,1,665
j2457,63,249
j2458,1,309
j2459,1,2
j2460,27,428
j2461,1,40
j2462,1,55
j2463,1,965
j2464,56,26
j2465,1,308
j2466,1,969
j2467,3,1390
j2468,178,55
j2469,12,1
j2470,8,242
j2471,1,546
j2472,1,62
j2473,52,51
j2474,1,1
j2475,1,59
j2476,8,363
j2477,4,1385
j2478,1,1327
j2479,50,1090
j2480,8,29
j2481,1,1
j2482,1,1
j2483,1,905
j2484,1,32
j2485,1,488
j2486,1,1
j2487,1,9
j2488,1,52
j2489,4,80
j2490,697,182
j2491,40,1
j2492,12,364
j2493,911,6
j2494,4,1
j2495,1,1086
j2496,1,22
j2497,53,78
j2498,1,78
j2499,3,1025
j2500,5,18
j2501,1,7
j2502,1,1385
j2503,1,1
j2504,1,93
j2505,1,1146
j2506,1,248
j2507,8,428
j2508,4,1383
j2509,4,13
j2510,1,79
j2511,1,1326
j2512,1,1
j2513,8,54
j2514,1,27
j2515,1,1
j2516,12,1
j2517,3,1021
j2518,38,1142
j2519,1,10
j2520,1,93
j2521,2,48
j2522,2,1
j2523,1,30
j2524,1,1206
j2525,1,609
j2526,4,90
j2527,1,369
j2528,1,21
j2529,1,1
j2530,1,249
j2531,1,1382
j2532,1,35
j2533,8,1144
j2534,4,850
j2535,1,10
j2536,241,849
j2537,1,604
j2538,12,1383
j2539,1,33
j2540,4,1390
j2541,1,138
j2542,1,39
j2543,1,1
j2544,4,1269
j2545,1,368
j2546,1,1387
j2547,1,102
j2548,1,7
j2549,1,24
j2550,50,249
j2551,1,1
j2552,1,1382
j2553,31,28
j2554,8,1
j2555,4,604
j2556,12,55
j2557,1,65
j2558,1,4
j2559,4,1030
j2560,4,1386
j2561,1,1
j2562,1,1384
j2563,1,962
j2564,1,1
j2565,8,1323
j2566,4,1144
j2567,1,58
j2568,1,1204
j2569,1127,1
j2570,1,9
j2571,1,1
j2572,1,81
j2573,572,303
j2574,1,1322
j2575,1,1202
j2576,1,30
j2577,1,37
j2578,1,2
j2579,1,31
j2580,1,127
j2581,4,42
j2582,1,1022
j2583,54,55
j2584,1,1146
j2585,1,909
j2586,1,122
j2587,1,1
j2588,123,422
j2589,1,21
j2590,1,1
j2591,1,47
j2592,1,1384
j2593,1,1
j2594,1,41
j2595,8,7
j2596,1,36
j2597,8,1270
j2598,4,1201
j2599,1,1
j2600,1,7
j2601,1,5
j2602,1,56
j2603,2,26
j2604,3,426
j2605,1,1086
j2606,1,303
j2607,1,666
j2608,8,56
j2609,8,181
j2610,1,15
j2611,1,1389
j2612,1,37
j2613,1,1146
j2614,4,1
j2615,1,724
j2616,1,54
j2617,1,101
j2618,1,1389
j2619,1,3
j2620,1,72
j2621,57,782
j2622,1,105
j2623,8,50
j2624,8,1202
j2625,10,1383
j2626,1,601
j2627,1,48
j2628,1,1144
j2629,1,47
j2630,1,1326
j2631,1,12
j2632,1,721
j2633,3,1385
j2634,5,1387
j2635,1,38
j2636,4,1029
j2637,576,17
j2638,1,1
j2639,4,40
j2640,1,7
j2641,1,841
j2642,1,1389
j2643,11,241
j2644,1,14
j2645,1,25
j2646,5,6
j2647,193,26
j2648,6,33
j2649,4,1149
j2650,6,20
j2651,1,365
j2652,1,1028
j2653,1,1386
j2654,1,32
j2655,8,1202
j2656,3,83
j2657,1,1
j2658,1,13
j2659,1,52
j2660,108,5
j2661,43,22
j2662,1,56
j2663,3,14
j2664,1,1
j2665,1,18
j2666,20,88
j2667,31,1149
j2668,4,606
j2669,1,1201
j2670,1,166
j2671,1,49
j2672,1,4
j2673,1,848
j2674,1,34
j2675,3,28
j2676,4,184
j2677,2,541
j2678,1,66
j2679,1,37
j2680,8,6
j2681,8,17
j2682,1,138
j2683,1,7
j2684,8,7
j2685,1,1262
j2686,1,1389
j2687,1,64
j2688,1,425
j2689,1,1262
j2690,1,45
j2691,1,969
j2692,1,53
j2693,1,27
j2694,1,608
j2695,1,25
j2696,1,242
j2697,37,69
j2698,1,1086
j2699,1,28
j2700,1,7
j2701,5,51
j2702,46,189
j2703,54,10
j2704,92,366
j2705,1,38
j2706,1,1
j2707,2,59
j2708,1,243
j2709,1,7
j2710,4,130
j2711,1,850
j2712,5,1324
j2713,1,51
j2714,1,67
j2715,1,11
j2716,1,1
j2717,1,80
j2718,1,306
j2719,1,1202
j2720,1,10
j2721,1,37
j2722,1,304
j2723,1,35
j2724,1,61
j2725,51,106
j2726,1,20
j2727,1,52
j2728,1,1382
j2729,4,28
j2730,1,182
j2731,1,149
j2732,1,30
j2733,1,1
j2734,1,1384
j2735,1,20
j2736,1,1390
j2737,165,1
j2738,1,165
j2739,1,961
j2740,50,51
j2741,1,128
j2742,1,1
j2743,1,1
j2744,1,64
j2745,1,5
j2746,1,42
j2747,1,305
j2748,4,1261
j2749,1,181
j2750,1,248
j2751,1,48
j2752,1,1207
j2753,1,64
j2754,1,1
j2755,1,1385
j2756,1,27
j2757,1,1386
j2758,51,909
j2759,1,77
j2760,1,8
j2761,1,63
j2762,1,183
j2763,1,32
j2764,34,24
j2765,35,58
j2766,1,29
j2767,1,99
j2768,1,10
j2769,4,1
j2770,1,1261
j2771,1,74
j2772,1,54
j2773,1,2
j2774,1,246
j2775,1,17
j2776,1,37
j2777,4,542
j2778,1,603
j2779,4,18
j2780,1,902
j2781,194,57
j2782,4,542
j2783,1,85
j2784,1,10
j2785,1,81
j2786,1,63
j2787,1,18
j2788,1,247
j2789,1,97
j2790,1,62
j2791,1,665
j2792,1,247
j2793,3,9
j2794,1,1022
j2795,1,4
j2796,1,30
j2797,1,1203
j2798,1,117
j2799,1,110
j2800,1,1022
j2801,561,1
j2802,197,67
j2803,1,59
j2804,1,1202
j2805,1,785
j2806,1,250
j2807,1,1088
j2808,1,42
j2809,4,5
j2810,1,6
j2811,1,10
j2812,1,1383
j2813,11,1
j2814,1,1330
j2815,39,10
j2816,1,58
j2817,6,1
j2818,1,1149
j2819,1,7
j2820,37,184
j2821,1,1
j2822,4,64
j2823,1,67
j2824,1,843
j2825,1,241
j2826,5,1082
j2827,1,27
j2828,2,34
j2829,1,1088
j2830,1,1
j2831,1,97
j2832,1,11
j2833,23,1
j2834,8,56
j2835,1,366
j2836,1,22
j2837,1,26
j2838,1,24
j2839,1,1143
j2840,1,20
j2841,1,100
j2842,1,1
j2843,3,246
j2844,1,661
j2845,1,1087
j2846,4,120
j2847,4,16
j2848,1,668
j2849,1,16
j2850,1,1
j2851,1,490
j2852,1,1
j2853,1,248
j2854,8,58
j2855,18,1327
j2856,38,607
j2857,1,9
j2858,1,53
j2859,1,27
j2860,11,56
j2861,8,1270
j2862,1,14
j2863,1,1
j2864,1,1
j2865,1,784
j2866,1,143
j2867,1,184
j2868,1,9
j2869,3,10
j2870,1,24
j2871,15,77
j2872,1,1029
j2873,1,1381
j2874,4,66
j2875,4,190
j2876,1,1
j2877,1,51
j2878,1,4
j2879,1,1382
j2880,1,36
j2881,1,11
j2882,1,668
j2883,1,10
j2884,18,2
j2885,8,905
j2886,1,6
j2887,1,1026
j2888,1,790
j2889,757,35
j2890,1,604
j2891,1,1089
j2892,9,28
j2893,1,144
j2894,1,1266
j2895,1,1267
j2896,1,6
j2897,1,25
j2898,1,35
j2899,113,723
j2900,1,488
j2901,1,1
j2902,1,8
j2903,1,1
j2904,1,721
j2905,1,1090
j2906,1,41
j2907,1,3
j2908,1,58
j2909,1016,121
j2910,1,661
j2911,1,1389
j2912,1,36
j2913,8,1
j2914,1,7
j2915,1,1
j2916,1,37
j2917,1,788
j2918,1,1088
j2919,1,29
j2920,1,1385
j2921,1,22
j2922,1,1384
j2923,51,36
j2924,53,247
j2925,1,10
j2926,1,99
j2927,180,54
j2928,1,11
j2929,1,1
j2930,1,1
j2931,1,1
j2932,1,250
j2933,1,303
j2934,1,69
j2935,1,545
j2936,212,1
j2937,1,1265
j2938,1,428
j2939,3,57
j2940,1,58
j2941,3,105
j2942,1,105
j2943,1,1390
j2944,1,28
j2945,1,55
j2946,1,543
j2947,1,1
j2948,1,2
j2949,15,186
j2950,1,1387
j2951,1,9
j2952,1,27
j2953,1,1024
j2954,1,1142
j2955,1,55
j2956,1,55
j2957,1,661
j2958,52,1
j2959,1,1148
j2960,1,15
j2961,1,907
j2962,1,14
j2963,6,2
j2964,1,428
j2965,16,1383
j2966,1,1381
j2967,544,46
j2968,1,47
j2969,4,2
j2970,1,21
j2971,1,54
j2972,1,6
j2973,1,25
j2974,1,56
j2975,1,6
j2976,1,23
j2977,1,3
j2978,1,39
j2979,1,9
j2980,1,20
j2981,1,1
j2982,1,1384
j2983,1,45
j2984,1,92
j2985,1,9
j2986,1,244
j2987,1,1144
j2988,8,52
j2989,1,26
j2990,4,1201
j2991,43,111
j2992,5,964
j2993,1,5
j2994,1,728
j2995,3,5
j2996,5,109
j2997,17,1024
j2998,1,1322
j2999,1,34
j3000,1,44
j3001,2,25
j3002,1,111
j3003,1,2
j3004,8,841
j3005,8,56
j3006,4,310
j3007,1,55
j3008,8,1147
j3009,19,607
j3010,5,1
j3011,156,302
j3012,15,1
j3013,1,130
j3014,1,111
j3015,4,47
j3016,12,67
j3017,4,1089
j3018,1,148
j3019,1,6
j3020,1,1
j3021,1,109
j3022,1,31
j3023,8,306
j3024,7,303
j3025,1,108
j3026,1,140
j3027,1,5
j3028,10,1
j3029,6,51
j3030,1,158
j3031,1,92
j3032,1,487
j3033,1,7
j3034,1,304
j3035,1,1
j3036,1,4
j3037,64,10
j3038,1,483
j3039,233,305
j3040,1,5
j3041,1,668
j3042,1,1388
j3043,1,310
j3044,23,1267
j3045,3,26
j3046,1,1
j3047,5,301
j3048,1,1
j3049,63,21
j3050,1,51
j3051,4,43
j3052,1,5
j3053,1,306
j3054,1,76
j3055,1,109
j3056,8,66
j3057,8,781
j3058,1,32
j3059,8,10
j3060,1,361
j3061,1,59
j3062,1,906
j3063,1,72
j3064,1,1381
j3065,1,1388
j3066,1,664
j3067,1,62
j3068,16,95
j3069,1,1
j3070,1,71
j3071,1,1383
j3072,1,306
j3073,1,6
j3074,4,54
j3075,1,1390
j3076,1,51
j3077,2,1
j3078,1,3
j3079,1,12
j3080,8,250
j3081,1,33
j3082,1,18
j3083,3,6
j3084,1,120
j3085,27,1
j3086,1,57
j3087,1,13
j3088,1,609
j3089,1,481
j3090,42,304
j3091,1,115
j3092,1,303
j3093,4,116
j3094,1,8
j3095,1,26
j3096,1,2
j3097,1,8
j3098,1,26
j3099,1,246
j3100,1,24
j3101,5,55
j3102,1,51
j3103,1,77
j3104,1,307
j3105,8,1264
j3106,5,548
j3107,1,668
j3108,1,25
j3109,1,1026
j3110,1,4
j3111,1,1
j3112,1,14
j3113,1,41
j3114,1,489
j3115,5,97
j3116,4,1
j3117,1,56
j3118,62,1
j3119,1,1148
j3120,4,28
j3121,4,1023
j3122,1,1
j3123,1,21
j3124,1,36
j3125,1,1270
j3126,1,1388
j3127,19,186
j3128,1,1
j3129,1,248
j3130,1,1
j3131,1,310
j3132,5,19
j3133,1,2
j3134,1,425
j3135,1,35
j3136,1,364
j3137,1,1
j3138,1,73
j3139,58,1087
j3140,1,22
j3141,1,5
j3142,17,52
j3143,1,24
j3144,1,7
j3145,1,22
j3146,1,365
j3147,1,83
j3148,1,1390
j3149,14,4
j3150,95,1266
j3151,1,1266
j3152,1,1322
j3153,1,37
j3154,107,961
j3155,1,967
j3156,1,967
j3157,1,35
j3158,1,8
j3159,1,56
j3160,1,28
j3161,300,60
j3162,1,541
j3163,1,1
j3164,1,23
j3165,1,1
j3166,1,38
j3167,4,241
j3168,1,1
j3169,1,1026
j3170,1,482
j3171,1,845
j3172,4,1
j3173,1,59
j3174,4,78
j3175,577,106
j3176,12,1
j3177,1,1
j3178,1,4
j3179,1,1
j3180,1,1089
j3181,1,369
j3182,4,4
j3183,21,1084
j3184,1,1264
j3185,1,6
j3186,5,1386
j3187,1,35
j3188,1,34
j3189,1,550
j3190,1,39
j3191,1,1
j3192,1,1384
j3193,4,31
j3194,1,1329
j3195,1,1081
j3196,1,545
j3197,4,10
j3198,2,1090
j3199,1,1
j3200,8,247
j3201,1,181
j3202,3,1388
j3203,4,1383
j3204,4,1022
j3205,1,29
j3206,1,21
j3207,1,1390
j3208,1,1323
j3209,1,1
j3210,1,483
j3211,1,1083
j3212,1,966
j3213,1,58
j3214,1,608
j3215,1,39
j3216,1,64
j3217,4,1
j3218,1,541
j3219,1,1208
j3220,1,1
j3221,1,10
j3222,1,59
j3223,299,1
j3224,1,78
j3225,1,40
j3226,1,27
j3227,1,1090
j3228,1,58
j3229,1,54
j3230,1,30
j3231,8,4
j3232,1,2
j3233,4,1321
j3234,1,10
j3235,1,72
j3236,1,1267
j3237,1,18
j3238,1,60
j3239,1,1
j3240,1,40
j3241,1,19
j3242,1,1202
j3243,1,1
j3244,1,172
j3245,1,367
j3246,1,548
j3247,1,34
j3248,1,603
j3249,1,50
j3250,4,1
j3251,25,10
j3252,1,91
j3253,1,29
j3254,1,41
j3255,1,1
j3256,1,24
j3257,1,1
j3258,1,607
j3259,150,1143
j3260,232,1268
j3261,1,60
j3262,1,20
j3263,8,1028
j3264,1,15
j3265,1,248
j3266,1,1
j3267,5,247
j3268,8,250
j3269,1,48
j3270,1,1
j3271,8,32
j3272,1,161
j3273,1,2
j3274,21,70
j3275,1,1024
j3276,3,1141
j3277,59,7
j3278,1,11
j3279,1,1149
j3280,1,1
j3281,4,7
j3282,1,1089
j3283,1,1390
j3284,8,1381
j3285,22,661
j3286,1,487
j3287,4,484
j3288,1,1025
j3289,1,422
j3290,8,94
j3291,1,52
j3292,1,104
j3293,1,58
j3294,1,25
j3295,1,1385
j3296,1,1267
j3297,1,1
j3298,1,248
j3299,1,51
j3300,1,189
j3301,3,1
j3302,1,189
j3303,1,189
j3304,1,4
j3305,35,11
j3306,1,53
j3307,4,1381
j3308,1,1026
j3309,25,10
j3310,1,909
j3311,59,301
j3312,1,248
j3313,1,1322
j3314,1,59
j3315,1,1084
j3316,5,488
j3317,3,188
j3318,1072,33
j3319,1,842
j3320,1,52
j3321,1,59
j3322,1,41
j3323,1,427
j3324,1,1
j3325,1,369
j3326,1,1205
j3327,1,1150
j3328,1,490
j3329,1,31
j3330,9,425
j3331,31,1
j3332,10,37
j3333,1,24
j3334,51,306
j3335,8,1029
j3336,1,4
j3337,1,32
j3338,5,1381
j3339,1,244
j3340,1,1025
j3341,1,1
j3342,1,1
j3343,1,70
j3344,4,1386
j3345,1,90
j3346,53,244
j3347,1,6
j3348,1,19
j3349,1,57
j3350,1,1
j3351,1,1
j3352,1,250
j3353,1,69
j3354,1,5
j3355,4,6
j3356,1,91
j3357,1,1261
j3358,4,28
j3359,1,1387
j3360,1,52
j3361,1,1326
j3362,4,190
j3363,1,5
j3364,1,2
j3365,1,72
j3366,1,111
j3367,4,1
j3368,1,1
j3369,1,26
j3370,32,1
j3371,1,487
j3372,8,244
j3373,1,28
j3374,1,38
j3375,1,490
j3376,1,4
j3377,1,3
j3378,1,7
j3379,1,69
j3380,1,3
j3381,1,1387
j3382,3,17
j3383,8,1262
j3384,3,35
j3385,1,30
j3386,1,1
j3387,1,367
j3388,4,904
j3389,1,1081
j3390,1,52
j3391,1,28
j3392,8,135
j3393,1,41
j3394,1,51
j3395,267,850
j3396,8,40
j3397,23,88
j3398,1,1145
j3399,4,2
j3400,68,1382
j3401,1,242
j3402,1,1328
j3403,1,26
j3404,2,53
j3405,55,157
j3406,18,18
j3407,1,37
j3408,288,1381
j3409,1,19
j3410,1,1
j3411,1,1323
j3412,8,487
j3413,1,22
j3414,5,155
j3415,20,1329
j3416,1,968
j3417,1,1
j3418,1,9
j3419,1,367
j3420,40,54
j3421,1,52
j3422,1,603
j3423,1,250
j3424,1,17
j3425,12,48
j3426,1,5
j3427,1,308
j3428,1,429
j3429,1,1328
j3430,1,40
j3431,1,42
j3432,1,1202
j3433,554,1389
j3434,1,60
j3435,5,24
j3436,8,1082
j3437,1,1
j3438,1,5
j3439,4,1385
j3440,1,4
j3441,1,27
j3442,1,845
j3443,4,1386
j3444,3,1
j3445,1,486
j3446,1,1
j3447,1,421
j3448,1,1382
j3449,1,1384
j3450,1,1
j3451,1,30
j3452,1,38
j3453,40,30
j3454,1,726
j3455,8,3
j3456,1,310
j3457,1,6
j3458,1,1
j3459,1,129
j3460,1,17
j3461,5,901
j3462,8,36
j3463,1,1207
j3464,1,39
j3465,38,309
j3466,8,1026
j3467,1,609
j3468,60,969
j3469,1,14
j3470,1,50
j3471,1,1029
j3472,1,1203
j3473,1,4
j3474,1,56
j3475,1,39
j3476,1,1
j3477,1,64
j3478,1,9
j3479,1,3
j3480,1,141
j3481,11,59
j3482,1,52
j3483,8,607
j3484,1,664
j3485,1,5
j3486,1,964
j3487,1,44
j3488,1,244
j3489,1,35
j3490,1,1150
j3491,1,8
j3492,1,247
j3493,1,1028
j3494,1,1088
j3495,1,106
j3496,2,21
j3497,1,1324
j3498,1,542
j3499,1,1142
j3500,37,161
j3501,4,22
j3502,4,249
j3503,1,80
j3504,1,104
j3505,1,1387
j3506,1,34
j3507,1,1381
j3508,3,1
j3509,1,53
j3510,1,23
j3511,1,1382
j3512,1,1
j3513,95,1261
j3514,2,83
j3515,1,56
j3516,1,1383
j3517,1,1264
j3518,1,27
j3519,1,1
j3520,1,1087
j3521,1,50
j3522,4,247
j3523,4,8
j3524,1,25
j3525,3,112
j3526,1,1
j3527,1,310
j3528,1,32
j3529,1,304
j3530,72,1
j3531,1,190
j3532,1,30
j3533,1,24
j3534,1,244
j3535,1,488
j3536,1,25
j3537,1,1
j3538,1,425
j3539,1,1324
j3540,1,1264
j3541,1,63
j3542,1,602
j3543,1,729
j3544,1,32
j3545,1,1328
j3546,1,74
j3547,4,1
j3548,1,544
j3549,1,1150
j3550,4,190
j3551,1,486
j3552,1,51
j3553,1,125
j3554,1,363
j3555,1,24
j3556,2,63
j3557,8,1082
j3558,1,53
j3559,1,1
j3560,409,62
j3561,1,1384
j3562,2,1390
j3563,74,1083
j3564,1,31
j3565,57,727
j3566,4,95
j3567,8,72
j3568,33,7
j3569,1,28
j3570,1,9
j3571,1,609
j3572,1,1266
j3573,1,45
j3574,60,4
j3575,1,244
j3576,1,45
j3577,1,970
j3578,1,1
j3579,1,1390
j3580,1,309
j3581,353,1150
j3582,60,1390
j3583,2,1
j3584,1,301
j3585,27,1024
j3586,1,133
j3587,5,544
j3588,1,724
j3589,1,1
j3590,1,1
j3591,1,47
j3592,5,47
j3593,46,1
j3594,1,1390
j3595,1,605
j3596,151,1328
j3597,1,52
j3598,17,245
j3599,1470,74
j3600,1,664
j3601,1,24
j3602,1,109
j3603,1,301
j3604,1,1082
j3605,1,1387
j3606,1,1
j3607,1,57
j3608,41,1
j3609,1,1143
j3610,1,481
j3611,1,32
j3612,1,159
j3613,1,22
j3614,1,963
j3615,1,52
j3616,8,32
j3617,1,113
j3618,2,20
j3619,1,23
j3620,1,23
j3621,1,1
j3622,1,1381
j3623,1,34
j3624,1,72
j3625,1,1
j3626,1,1
j3627,1,8
j3628,1,62
j3629,1,790
j3630,1,26
j3631,1,5
j3632,1,908
j3633,1,547
j3634,1,35
j3635,13,844
j3636,394,249
j3637,5,75
j3638,1,49
j3639,8,51
j3640,1,97
j3641,157,21
j3642,1,909
j3643,8,1388
j3644,4,111
j3645,1,1
j3646,1,7
j3647,9,11
j3648,1,369
j3649,36,58
j3650,8,1
j3651,1,24
j3652,4,486
j3653,1,243
j3654,1,605
j3655,1,1149
j3656,1,602
j3657,1,1
j3658,1,44
j3659,1,1
j3660,1,370
j3661,1,242
j3662,1,3
j3663,1,16
j3664,71,8
j3665,1,1022
j3666,10,24
j3667,50,17
j3668,6,28
j3669,1,62
j3670,4,1388
j3671,1,8
j3672,1,365
j3673,1,59
j3674,1,246
j3675,1,1
j3676,1,52
j3677,4,61
j3678,1,16
j3679,10,541
j3680,5,549
j3681,4,1084
j3682,1,1389
j3683,1,1146
j3684,1,490
j3685,18,1
j3686,1,47
j3687,1,6
j3688,37,1390
j3689,1,36
j3690,1,22
j3691,1,1
j3692,58,964
j3693,1,6
j3694,1,14
j3695,1,548
j3696,1,1
j3697,3,1149
j3698,1,83
j3699,1,1328
j3700,1,190
j3701,1,1
j3702,4,91
j3703,322,1203
j3704,1,64
j3705,297,38
j3706,1,38
j3707,1,482
j3708,1,1144
j3709,1,245
j3710,1,6
j3711,4,116
j3712,1,546
j3713,4,306
j3714,4,21
j3715,4,1083
j3716,1,5
j3717,1,1389
j3718,4,38
j3719,1,485
j3720,1,189
j3721,1,481
j3722,3,54
j3723,6,102
j3724,2,542
j3725,2,41
j3726,1,37
j3727,1,1208
j3728,1,58
j3729,4,106
j3730,1,306
j3731,1,1082
j3732,1,1268
j3733,1,1
j3734,1,1209
j3735,1,728
j3736,8,1387
j3737,2,487
j3738,8,729
j3739,1,24
j3740,67,1
j3741,1,6
j3742,1,306
j3743,3,50
j3744,1,310
j3745,15,1267
j3746,8,305
j3747,60,83
j3748,1,544
j3749,1,1389
j3750,1,145
j3751,1,188
j3752,1,1
j3753,62,1
j3754,8,25
j3755,1,49
j3756,524,4
j3757,1,16
j3758,1,1
j3759,1,18
j3760,1,1387
j3761,1,302
j3762,1,60
j3763,4,116
j3764,4,669
j3765,1,99
j3766,1,1
j3767,1,23
j3768,1,189
j3769,5,1024
j3770,10,247
j3771,14,1206
j3772,11,1207
j3773,15,22
j3774,1,1265
j3775,1,1
j3776,6,10
j3777,1,52
j3778,1,963
j3779,156,848
j3780,54,9
j3781,1,1326
j3782,1,1084
j3783,1,77
j3784,1,663
j3785,1,123
j3786,1,1090
j3787,10,47
j3788,100,57
j3789,41,783
j3790,1,1
j3791,1,71
j3792,16,32
j3793,4,59
j3794,1,303
j3795,1,2
j3796,1,1386
j3797,5,70
j3798,1,1325
j3799,1,548
j3800,55,25
j3801,1,99
j3802,1,37
j3803,70,184
j3804,56,1383
j3805,1,55
j3806,1,55
j3807,4,1
j3808,8,51
j3809,1,1028
j3810,1,1082
j3811,1,52
j3812,1,63
j3813,5,118
j3814,1,39
j3815,1,27
j3816,9,365
j3817,1,11
j3818,1,303
j3819,1,96
j3820,1,1086
j3821,1,1086
j3822,1,1390
j3823,1,1387
j3824,1,30
j3825,1,486
j3826,1,1265
j3827,2,304
j3828,1,428
j3829,1,68
j3830,1,10
j3831,1,78
j3832,49,1
j3833,1,1382
j3834,4,1323
j3835,13,53
j3836,31,9
j3837,1,9
j3838,1,247
j3839,1,1141
j3840,1,1
j3841,1,8
j3842,1,541
j3843,1,37
j3844,1,307
j3845,1,9
j3846,1,249
j3847,4,243
j3848,1,1029
j3849,1,1
j3850,1,52
j3851,1,1082
j3852,1,1
j3853,1,10
j3854,55,4
j3855,1,38
j3856,1,248
j3857,1,27
j3858,118,13
j3859,4,167
j3860,1,53
j3861,1,1088
j3862,4,243
j3863,8,1385
j3864,1,424
j3865,1,29
j3866,1,1
j3867,1,1024
j3868,1,248
j3869,4,1384
j3870,1,67
j3871,1,1
j3872,8,28
j3873,44,6
j3874,8,19
j3875,5,1
j3876,2,367
j3877,8,2
j3878,4,428
j3879,1,106
j3880,57,965
j3881,1,1267
j3882,1,542
j3883,1,1
j3884,1,482
j3885,1,1383
j3886,1,10
j3887,1,1088
j3888,1,1
j3889,1,548
j3890,1,1326
j3891,1,2
j3892,1,100
j3893,1,35
j3894,62,41
j3895,1,486
j3896,1,364
j3897,1,489
j3898,1,247
j3899,1,1
j3900,1,120
j3901,1,1
j3902,1,844
j3903,298,1
j3904,1,246
j3905,1,602
j3906,1,1027
j3907,1,60
j3908,1,367
j3909,212,29
j3910,1,250
j3911,1,39
j3912,1,41
j3913,1,1207
j3914,1,548
j3915,1,78
j3916,1,58
j3917,1,1330
j3918,1,361
j3919,1,22
j3920,1,28
j3921,1,8
j3922,1,908
j3923,3,3
j3924,1,1324
j3925,4,34
j3926,4,68
j3927,1,968
j3928,1,16
j3929,1,119
j3930,1,100
j3931,1,26
j3932,160,486
j3933,1,1383
j3934,1,14
j3935,1,2
j3936,1,60
j3937,1,1
j3938,1,542
j3939,1,1
j3940,58,23
j3941,1,1090
j3942,6,4
j3943,1,1
j3944,1,1384
j3945,4,60
j3946,555,104
j3947,2,242
j3948,1,1026
j3949,1,545
j3950,8,1084
j3951,1,1390
j3952,1,31
j3953,1,610
j3954,1,189
j3955,1,52
j3956,1,39
j3957,241,25
j3958,1,108
j3959,1,1090
j3960,1,307
j3961,1,1022
j3962,1,1
j3963,8,26
j3964,1,30
j3965,1,544
j3966,4,964
j3967,1,1
j3968,38,787
j3969,4,729
j3970,10,2
j3971,1,1384
j3972,1,39
j3973,3,15
j3974,5,71
j3975,5,844
j3976,1,666
j3977,1,1143
j3978,1,1
j3979,1,250
j3980,4,25
j3981,1,965
j3982,1,37
j3983,1,111
j3984,1,143
j3985,39,11
j3986,1,488
j3987,5,1388
j3988,1,6
j3989,25,9
j3990,3,1381
j3991,1,1
j3992,4,8
j3993,3,34
j3994,1,3
j3995,1,35
j3996,1,1270
j3997,1,361
j3998,60,135
j3999,2,670
j4000,1,1389
j4001,1,1023
j4002,1,604
j4003,1,1
j4004,1,1204
j4005,1,728
j4006,1,1
j4007,1,68
j4008,1,484
j4009,1,1
j4010,15,149
j4011,1,606
j4012,1,1
j4013,1,14
j4014,1,171
j4015,1,1
j4016,1,28
j4017,5,3
j4018,1,241
j4019,2,30
j4020,1,21
j4021,1,1
j4022,5,1026
j4023,1,1389
j4024,1,609
j4025,4,241
j4026,120,31
j4027,1,301
j4028,1,1384
j4029,2,1148
j4030,188,49
j4031,29,1382
j4032,1,190
j4033,2,9
j4034,9,481
j4035,1,5
j4036,1,1
j4037,1,57
j4038,1,92
j4039,1,11
j4040,1,1090
j4041,1,85
j4042,1,32
j4043,2,845
j4044,1,1141
j4045,1,1022
j4046,3,40
j4047,1,427
j4048,1,1207
j4049,1,49
j4050,1,1381
j4051,1,967
j4052,1,1262
j4053,5,90
j4054,1,962
j4055,1,13
j4056,1,1085
j4057,1,8
j4058,1,1385
j4059,1,14
j4060,1,51
j4061,1,26
j4062,22,249
j4063,1,1
j4064,13,728
j4065,1,1
j4066,54,1
j4067,8,1085
j4068,1,1143
j4069,1,1384
j4070,1,27
j4071,1,1204
j4072,1,28
j4073,3,72
j4074,1,57
j4075,4,1388
j4076,31,1
j4077,1,970
j4078,1,35
j4079,1,13
j4080,1,12
j4081,4,32
j4082,1,59
j4083,1,74
j4084,36,1
j4085,1,1
j4086,55,1389
j4087,1,42
j4088,1,58
j4089,1,305
j4090,27,247
j4091,1,301
j4092,31,117
j4093,1,1
j4094,1,15
j4095,1,1022
j4096,1,305
j4097,10,119
j4098,1,5
j4099,105,83
j4100,1,1023
j4101,171,1088
j4102,1,44
j4103,396,26
j4104,1,723
j4105,47,23
j4106,1,15
j4107,1,1
j4108,1,68
j4109,1,6
j4110,1,80
j4111,1,1269
j4112,1,1382
j4113,1,7
j4114,8,545
j4115,1,19
j4116,4,41
j4117,1,8
j4118,1,71
j4119,1,127
j4120,1,1
j4121,10,249
j4122,1,786
j4123,1,1148
j4124,1,56
j4125,154,120
j4126,1,100
j4127,1,1329
j4128,1,29
j4129,1,1
j4130,1,368
j4131,1,1381
j4132,1,1090
j4133,1,1204
j4134,1,55
j4135,1,8
j4136,1,69
j4137,1,1386
j4138,20,53
j4139,96,1
j4140,1,93
j4141,1,1027
j4142,1,5
j4143,1,1
j4144,1,782
j4145,1,784
j4146,1,57
j4147,78,25
j4148,1,541
j4149,5,25
j4150,1,8
j4151,15,9
j4152,1,56
j4153,1,27
j4154,1,906
j4155,1,1322
j4156,1,1266
j4157,1,108
j4158,1,1266
j4159,167,189
j4160,1,7
j4161,1,1321
j4162,1,65
j4163,15,1
j4164,1,1265
j4165,6,241
j4166,1,1
j4167,1,1388
j4168,1,161
j4169,1,1207
j4170,1,6
j4171,1,545
j4172,1,25
j4173,1,1390
j4174,1,1266
j4175,1,1390
j4176,1,84
j4177,5,1383
j4178,1,105
j4179,1,428
j4180,1,43
j4181,1,10
j4182,1,670
j4183,1,362
j4184,1,52
j4185,54,27
j4186,1,1204
j4187,4,423
j4188,1,1027
j4189,1,1
j4190,56,60
j4191,1,187
j4192,3,98
j4193,1,1388
j4194,1,3
j4195,53,1
j4196,1,365
j4197,1,20
j4198,1,1086
j4199,1,1323
j4200,1,1
j4201,1,1387
j4202,1,17
j4203,1,109
j4204,4,1328
j4205,1,1330
j4206,1,1
j4207,1,6
j4208,1,43
j4209,4,90
j4210,1,370
j4211,1,425
j4212,1,4
j4213,1,1383
j4214,9,41
j4215,1,24
j4216,1,1264
j4217,55,36
j4218,6,28
j4219,8,109
j4220,4,53
j4221,11,7
j4222,1,1
j4223,1,421
j4224,1,310
j4225,1,4
j4226,1,1
j4227,4,1267
j4228,1,481
j4229,1,4
j4230,1,247
j4231,1,481
j4232,1,1145
j4233,50,1387
j4234,18,729
j4235,4,1261
j4236,8,88
j4237,1,6
j4238,1,54
j4239,1,428
j4240,8,40
j4241,1,726
j4242,1,608
j4243,4,1149
j4244,4,2
j4245,1,22
j4246,1,81
j4247,1,1270
j4248,1,1150
j4249,1,781
j4250,8,427
j4251,28,1326
j4252,8,1262
j4253,1,1390
j4254,1,1
j4255,1,164
j4256,1,23
j4257,1,52
j4258,1,1
j4259,1,21
j4260,1,1390
j4261,1,1210
j4262,1,243
j4263,1,105
j4264,1,60
j4265,1,22
j4266,1,21
j4267,1,1
j4268,12,544
j4269,1,844
j4270,1,1
j4271,1,188
j4272,1,7
j4273,55,189
j4274,5,849
j4275,1,27
j4276,1,186
j4277,1,38
j4278,1,5
j4279,1,29
j4280,8,29
j4281,1,22
j4282,1,1
j4283,2,3
j4284,1,9
j4285,1,241
j4286,1,11
j4287,4,41
j4288,345,34
j4289,1,1209
j4290,1,1
j4291,1,81
j4292,5,249
j4293,13,1142
j4294,1,1327
j4295,1,247
j4296,55,31
j4297,1,33
j4298,1,1
j4299,1,8
j4300,1,1
j4301,1,245
j4302,1,24
j4303,4,1
j4304,9,23
j4305,1,48
j4306,1,1386
j4307,1,1141
j4308,1,247
j4309,16,7
j4310,1,1
j4311,1,21
j4312,4,25
j4313,1,63
j4314,1,41
j4315,1,1
j4316,4,307
j4317,1,56
j4318,8,1327
j4319,1,80
j4320,1,23
j4321,12,151
j4322,1,1
j4323,8,730
j4324,1,13
j4325,1,33
j4326,1,28
j4327,1,2
j4328,1,1089
j4329,1,1089
j4330,5,1
j4331,1,18
j4332,1,9
j4333,1,1
j4334,1,1330
j4335,1,1
j4336,1,308
j4337,1,78
j4338,1,547
j4339,1,3
j4340,1,1
j4341,1,103
j4342,40,92
j4343,10,967
j4344,1,1
j4345,1,543
j4346,122,546
j4347,1,9
j4348,1,88
j4349,1,52
j4350,8,1210
j4351,212,1382
j4352,5,962
j4353,1,1210
j4354,1,22
j4355,78,664
j4356,81,23
j4357,1,59
j4358,1,104
j4359,1,1382
j4360,1,129
j4361,1,48
j4362,2,1383
j4363,4,1264
j4364,1,11
j4365,1,2
j4366,1,904
j4367,1,102
j4368,1,60
j4369,1,1389
j4370,2,4
j4371,1,243
j4372,1,64
j4373,1,249
j4374,1,1386
j4375,1,57
j4376,1,190
j4377,1,29
j4378,4,1321
j4379,17,961
j4380,1,59
j4381,1,1085
j4382,8,17
j4383,1,30
j4384,1,27
j4385,1,85
j4386,1,6
j4387,1,78
j4388,4,23
j4389,55,1388
j4390,18,1383
j4391,1,177
j4392,3,1263
j4393,1,52
j4394,4,668
j4395,28,7
j4396,1,1084
j4397,1,1146
j4398,1,1
j4399,1,786
j4400,1,55
j4401,1,24
j4402,1,244
j4403,4,90
j4404,1,1
j4405,4,54
j4406,1,32
j4407,1,50
j4408,1,249
j4409,1,34
j4410,3,1388
j4411,1,94
j4412,1,26
j4413,8,1
j4414,1,50
j4415,20,964
j4416,8,107
j4417,1,30
j4418,1,62
j4419,4,729
j4420,1,22
j4421,1,10
j4422,1,29
j4423,1,548
j4424,1,28
j4425,1,429
j4426,1,3
j4427,1,26
j4428,4,1
j4429,1,23
j4430,1,1024
j4431,1,8
j4432,840,845
j4433,1,16
j4434,8,53
j4435,1,361
j4436,1,8
j4437,1,114
j4438,1,1030
j4439,1,1
j4440,1,91
j4441,1,53
j4442,1,4
j4443,4,1148
j4444,6,1384
j4445,1,1084
j4446,1,75
j4447,1,1
j4448,5,4
j4449,1,53
j4450,4,241
j4451,1,8
j4452,1,849
j4453,1,1385
j4454,1,1
j4455,1,119
j4456,8,48
j4457,1,1
j4458,1,1383
j4459,6,24
j4460,1,12
j4461,4,1323
j4462,5,71
j4463,99,184
j4464,1,80
j4465,1,1
j4466,1,665
j4467,63,249
j4468,1,309
j4469,1,2
j4470,27,428
j4471,1,40
j4472,1,55
j4473,1,965
j4474,56,26
j4475,1,308
j4476,1,969
j4477,3,1390
j4478,178,55
j4479,12,1
j4480,8,242
j4481,1,546
j4482,1,62
j4483,52,51
j4484,1,1
j4485,1,59
j4486,8,363
j4487,4,1385
j4488,1,1327
j4489,50,1090
j4490,8,29
j4491,1,1
j4492,1,1
j4493,1,905
j4494,1,32
j4495,1,488
j4496,1,1
j4497,1,9
j4498,1,52
j4499,4,80
j4500,697,182
j4501,40,1
j4502,12,364
j4503,911,6
j4504,4,1
j4505,1,1086
j4506,1,22
j4507,53,78
j4508,1,78
j4509,3,1025
j4510,5,18
j4511,1,7
j4512,1,1385
j4513,1,1
j4514,1,93
j4515,1,1146
j4516,1,248
j4517,8,428
j4518,4,1383
j4519,4,13
j4520,1,79
j4521,1,1326
j4522,1,1
j4523,8,54
j4524,1,27
j4525,1,1
j4526,12,1
j4527,3,1021
j4528,38,1142
j4529,1,10
j4530,1,93
j4531,2,48
j4532,2,1
j4533,1,30
j4534,1,1206
j4535,1,609
j4536,4,90
j4537,1,369
j4538,1,21
j4539,1,1
j4540,1,249
j4541,1,1382
j4542,1,35
j4543,8,1144
j4544,4,850
j4545,1,10
j4546,241,849
j4547,1,604
j4548,12,1383
j4549,1,33
j4550,4,1390
j4551,1,138
j4552,1,39
j4553,1,1
j4554,4,1269
j4555,1,368
j4556,1,1387
j4557,1,102
j4558,1,7
j4559,1,24
j4560,50,249
j4561,1,1
j4562,1,1382
j4563,31,28
j4564,8,1
j4565,4,604
j4566,12,55
j4567,1,65
j4568,1,4
j4569,4,1030
j4570,4,1386
j4571,1,1
j4572,1,1384
j4573,1,962
j4574,1,1
j4575,8,1323
j4576,4,1144
j4577,1,58
j4578,1,1204
j4579,1127,1
j4580,1,9
j4581,1,1
j4582,1,81
j4583,572,303
j4584,1,1322
j4585,1,1202
j4586,1,30
j4587,1,37
j4588,1,2
j4589,1,31
j4590,1,127
j4591,4,42
j4592,1,1022
j4593,54,55
j4594,1,1146
j4595,1,909
j4596,1,122
j4597,1,1
j4598,123,422
j4599,1,21
j4600,1,1
j4601,1,47
j4602,1,1384
j4603,1,1
j4604,1,41
j4605,8,7
j4606,1,36
j4607,8,1270
j4608,4,1201
j4609,1,1
j4610,1,7
j4611,1,5
j4612,1,56
j4613,2,26
j4614,3,426
j4615,1,1086
j4616,1,303
j4617,1,666
j4618,8,56
j4619,8,181
j4620,1,15
j4621,1,1389
j4622,1,37
j4623,1,1146
j4624,4,1
j4625,1,724
j4626,1,54
j4627,1,101
j4628,1,1389
j4629,1,3
j4630,1,72
j4631,57,782
j4632,1,105
j4633,8,50
j4634,8,1202
j4635,10,1383
j4636,1,601
j4637,1,48
j4638,1,1144
j4639,1,47
j4640,1,1326
j4641,1,12
j4642,1,721
j4643,3,1385
j4644,5,1387
j4645,1,38
j4646,4,1029
j4647,576,17
j4648,1,1
j4649,4,40
j4650,1,7
j4651,1,841
j4652,1,1389
j4653,11,241
j4654,1,14
j4655,1,25
j4656,5,6
j4657,193,26
j4658,6,33
j4659,4,1149
j4660,6,20
j4661,1,365
j4662,1,1028
j4663,1,1386
j4664,1,32
j4665,8,1202
j4666,3,83
j4667,1,1
j4668,1,13
j4669,1,52
j4670,108,5
j4671,43,22
j4672,1,56
j4673,3,14
j4674,1,1
j4675,1,18
j4676,20,88
j4677,31,1149
j4678,4,606
j4679,1,1201
j4680,1,166
j4681,1,49
j4682,1,4
j4683,1,848
j4684,1,34
j4685,3,28
j4686,4,184
j4687,2,541
j4688,1,66
j4689,1,37
j4690,8,6
j4691,8,17
j4692,1,138
j4693,1,7
j4694,8,7
j4695,1,1262
j4696,1,1389
j4697,1,64
j4698,1,425
j4699,1,1262
j4700,1,45
j4701,1,969
j4702,1,53
j4703,1,27
j4704,1,608
j4705,1,25
j4706,1,242
j4707,37,69
j4708,1,1086
j4709,1,28
j4710,1,7
j4711,5,51
j4712,46,189
j4713,54,10
j4714,92,366
j4715,1,38
j4716,1,1
j4717,2,59
j4718,1,243
j4719,1,7
j4720,4,130
j4721,1,850
j4722,5,1324
j4723,1,51
j4724,1,67
j4725,1,11
j4726,1,1
j4727,1,80
j4728,1,306
j4729,1,1202
j4730,1,10
j4731,1,37
j4732,1,304
j4733,1,35
j4734,1,61
j4735,51,106
j4736,1,20
j4737,1,52
j4738,1,1382
j4739,4,28
j4740,1,182
j4741,1,149
j4742,1,30
j4743,1,1
j4744,1,1384
j4745,1,20
j4746,1,1390
j4747,165,1
j4748,1,165
j4749,1,961
j4750,50,51
j4751,1,128
j4752,1,1
j4753,1,1
j4754,1,64
j4755,1,5
j4756,1,42
j4757,1,305
j4758,4,1261
j4759,1,181
j4760,1,248
j4761,1,48
j4762,1,1207
j4763,1,64
j4764,1,1
j4765,1,1385
j4766,1,27
j4767,1,1386
j4768,51,909
j4769,1,77
j4770,1,8
j4771,1,63
j4772,1,183
j4773,1,32
j4774,34,24
j4775,35,58
j4776,1,29
j4777,1,99
j4778,1,10
j4779,4,1
j4780,1,1261
j4781,1,74
j4782,1,54
j4783,1,2
j4784,1,246
j4785,1,17
j4786,1,37
j4787,4,542
j4788,1,603
j4789,4,18
j4790,1,902
j4791,194,57
j4792,4,542
j4793,1,85
j4794,1,10
j4795,1,81
j4796,1,63
j4797,1,18
j4798,1,247
j4799,1,97
j4800,1,62
j4801,1,665
j4802,1,247
j4803,3,9
j4804,1,1022
j4805,1,4
j4806,1,30
j4807,1,1203
j4808,1,117
j4809,1,110
j4810,1,1022
j4811,561,1
j4812,197,67
j4813,1,59
j4814,1,1202
j4815,1,785
j4816,1,250
j4817,1,1088
j4818,1,42
j4819,4,5
j4820,1,6
j4821,1,10
j4822,1,1383
j4823,11,1
j4824,1,1330
j4825,39,10
j4826,1,58
j4827,6,1
j4828,1,1149
j4829,1,7
j4830,37,184
j4831,1,1
j4832,4,64
j4833,1,67
j4834,1,843
j4835,1,241
j4836,5,1082
j4837,1,27
j4838,2,34
j4839,1,1088
j4840,1,1
j4841,1,97
j4842,1,11
j4843,23,1
j4844,8,56
j4845,1,366
j4846,1,22
j4847,1,26
j4848,1,24
j4849,1,1143
j4850,1,20
j4851,1,100
j4852,1,1
j4853,3,246
j4854,1,661
j4855,1,1087
j4856,4,120
j4857,4,16
j4858,1,668
j4859,1,16
j4860,1,1
j4861,1,490
j4862,1,1
j4863,1,248
j4864,8,58
j4865,18,1327
j4866,38,607
j4867,1,9
j4868,1,53
j4869,1,27
j4870,11,56
j4871,8,1270
j4872,1,14
j4873,1,1
j4874,1,1
j4875,1,784
j4876,1,143
j4877,1,184
j4878,1,9
j4879,3,10
j4880,1,24
j4881,15,77
j4882,1,1029
j4883,1,1381
j4884,4,66
j4885,4,190
j4886,1,1
j4887,1,51
j4888,1,4
j4889,1,1382
j4890,1,36
j4891,1,11
j4892,1,668
j4893,1,10
j4894,18,2
j4895,8,905
j4896,1,6
j4897,1,1026
j4898,1,790
j4899,757,35
j4900,1,604
j4901,1,1089
j4902,9,28
j4903,1,144
j4904,1,1266
j4905,1,1267
j4906,1,6
j4907,1,25
j4908,1,35
j4909,113,723
j4910,1,488
j4911,1,1
j4912,1,8
j4913,1,1
j4914,1,721
j4915,1,1090
j4916,1,41
j4917,1,3
j4918,1,58
j4919,1016,121
j4920,1,661
j4921,1,1389
j4922,1,36
j4923,8,1
j4924,1,7
j4925,1,1
j4926,1,37
j4927,1,788
j4928,1,1088
j4929,1,29
j4930,1,1385
j4931,1,22
j4932,1,1384
j4933,51,36
j4934,53,247
j4935,1,10
j4936,1,99
j4937,180,54
j4938,1,11
j4939,1,1
j4940,1,1
j4941,1,1
j4942,1,250
j4943,1,303
j4944,1,69
j4945,1,545
j4946,212,1
j4947,1,1265
j4948,1,428
j4949,3,57
j4950,1,58
j4951,3,105
j4952,1,105
j4953,1,1390
j4954,1,28
j4955,1,55
j4956,1,543
j4957,1,1
j4958,1,2
j4959,15,186
j4960,1,1387
j4961,1,9
j4962,1,27
j4963,1,1024
j4964,1,1142
j4965,1,55
j4966,1,55
j4967,1,661
j4968,52,1
j4969,1,1148
j4970,1,15
j4971,1,907
j4972,1,14
j4973,6,2
j4974,1,428
j4975,16,1383
j4976,1,1381
j4977,544,46
j4978,1,47
j4979,4,2
j4980,1,21
j4981,1,54
j4982,1,6
j4983,1,25
j4984,1,56
j4985,1,6
j4986,1,23
j4987,1,3
j4988,1,39
j4989,1,9
j4990,1,20
j4991,1,1
j4992,1,1384
j4993,1,45
j4994,1,92
j4995,1,9
j4996,1,244
j4997,1,1144
j4998,8,52
j4999,1,26
j5000,4,1201
j5001,43,111
j5002,5,964
j5003,1,5
j5004,1,728
j5005,3,5
j5006,5,109
j5007,17,1024
j5008,1,1322
j5009,1,34
j5010,1,44
j5011,2,25
j5012,1,111
j5013,1,2
j5014,8,841
j5015,8,56
j5016,4,310
j5017,1,55
j5018,8,1147
j5019,19,607
j5020,5,1
j5021,156,302
j5022,15,1
j5023,1,130
j5024,1,111
j5025,4,47
j5026,12,67
j5027,4,1089
j5028,1,148
j5029,1,6
j5030,1,1
j5031,1,109
j5032,1,31
j5033,8,306
j5034,7,303
j5035,1,108
j5036,1,140
j5037,1,5
j5038,10,1
j5039,6,51
j5040,1,158
j5041,1,92
j5042,1,487
j5043,1,7
j5044,1,304
j5045,1,1
j5046,1,4
j5047,64,10
j5048,1,483
j5049,233,305
j5050,1,5
j5051,1,668
j5052,1,1388
j5053,1,310
j5054,23,1267
j5055,3,26
j5056,1,1
j5057,5,301
j5058,1,1
j5059,63,21
j5060,1,51
j5061,4,43
j5062,1,5
j5063,1,306
j5064,1,76
j5065,1,109
j5066,8,66
j5067,8,781
j5068,1,32
j5069,8,10
j5070,1,361
j5071,1,59
j5072,1,906
j5073,1,72
j5074,1,1381
j5075,1,1388
j5076,1,664
j5077,1,62
j5078,16,95
j5079,1,1
j5080,1,71
j5081,1,1383
j5082,1,306
j5083,1,6
j5084,4,54
j5085,1,1390
j5086,1,51
j5087,2,1
j5088,1,3
j5089,1,12
j5090,8,250
j5091,1,33
j5092,1,18
j5093,3,6
j5094,1,120
j5095,27,1
j5096,1,57
j5097,1,13
j5098,1,609
j5099,1,481
j5100,42,304
j5101,1,115
j5102,1,303
j5103,4,116
j5104,1,8
j5105,1,26
j5106,1,2
j5107,1,8
j5108,1,26
j5109,1,246
j5110,1,24
j5111,5,55
j5112,1,51
j5113,1,77
j5114,1,307
j5115,8,1264
j5116,5,548
j5117,1,668
j5118,1,25
j5119,1,1026
j5120,1,4
j5121,1,1
j5122,1,14
j5123,1,41
j5124,1,489
j5125,5,97
j5126,4,1
j5127,1,56
j5128,62,1
j5129,1,1148
j5130,4,28
j5131,4,1023
j5132,1,1
j5133,1,21
j5134,1,36
j5135,1,1270
j5136,1,1388
j5137,19,186
j5138,1,1
j5139,1,248
j5140,1,1
j5141,1,310
j5142,5,19
j5143,1,2
j5144,1,425
j5145,1,35
j5146,1,364
j5147,1,1
j5148,1,73
j5149,58,1087
j5150,1,22
j5151,1,5
j5152,17,52
j5153,1,24
j5154,1,7
j5155,1,22
j5156,1,365
j5157,1,83
j5158,1,1390
j5159,14,4
j5160,95,1266
j5161,1,1266
j5162,1,1322
j5163,1,37
j5164,107,961
j5165,1,967
j5166,1,967
j5167,1,35
j5168,1,8
j5169,1,56
j5170,1,28
j5171,300,60
j5172,1,541
j5173,1,1
j5174,1,23
j5175,1,1
j5176,1,38
j5177,4,241
j5178,1,1
j5179,1,1026
j5180,1,482
j5181,1,845
j5182,4,1
j5183,1,59
j5184,4,78
j5185,577,106
j5186,12,1
j5187,1,1
j5188,1,4
j5189,1,1
j5190,1,1089
j5191,1,369
j5192,4,4
j5193,21,1084
j5194,1,1264
j5195,1,6
j5196,5,1386
j5197,1,35
j5198,1,34
j5199,1,550
j5200,1,39
j5201,1,1
j5202,1,1384
j5203,4,31
j5204,1,1329
j5205,1,1081
j5206,1,545
j5207,4,10
j5208,2,1090
j5209,1,1
j5210,8,247
j5211,1,181
j5212,3,1388
j5213,4,1383
j5214,4,1022
j5215,1,29
j5216,1,21
j5217,1,1390
j5218,1,1323
j5219,1,1
j5220,1,483
j5221,1,1083
j5222,1,966
j5223,1,58
j5224,1,608
j5225,1,39
j5226,1,64
j5227,4,1
j5228,1,541
j5229,1,1208
j5230,1,1
j5231,1,10
j5232,1,59
j5233,299,1
j5234,1,78
j5235,1,40
j5236,1,27
j5237,1,1090
j5238,1,58
j5239,1,54
j5240,1,30
j5241,8,4
j5242,1,2
j5243,4,1321
j5244,1,10
j5245,1,72
j5246,1,1267
j5247,1,18
j5248,1,60
j5249,1,1
j5250,1,40
j5251,1,19
j5252,1,1202
j5253,1,1
j5254,1,172
j5255,1,367
j5256,1,548
j5257,1,34
j5258,1,603
j5259,1,50
j5260,4,1
j5261,25,10
j5262,1,91
j5263,1,29
j5264,1,41
j5265,1,1
j5266,1,24
j5267,1,1
j5268,1,607
j5269,150,1143
j5270,232,1268
j5271,1,60
j5272,1,20
j5273,8,1028
j5274,1,15
j5275,1,248
j5276,1,1
j5277,5,247
j5278,8,250
j5279,1,48
j5280,1,1
j5281,8,32
j5282,1,161
j5283,1,2
j5284,21,70
j5285,1,1024
j5286,3,1141
j5287,59,7
j5288,1,11
j5289,1,1149
j5290,1,1
j5291,4,7
j5292,1,1089
j5293,1,1390
j5294,8,1381
j5295,22,661
j5296,1,487
j5297,4,484
j5298,1,1025
j5299,1,422
j5300,8,94
j5301,1,52
j5302,1,104
j5303,1,58
j5304,1,25
j5305,1,1385
j5306,1,1267
j5307,1,1
j5308,1,248
j5309,1,51
j5310,1,189
j5311,3,1
j5312,1,189
j5313,1,189
j5314,1,4
j5315,35,11
j5316,1,53
j5317,4,1381
j5318,1,1026
j5319,25,10
j5320,1,909
j5321,59,301
j5322,1,248
j5323,1,1322
j5324,1,59
j5325,1,1084
j5326,5,488
j5327,3,188
j5328,1072,33
j5329,1,842
j5330,1,52
j5331,1,59
j5332,1,41
j5333,1,427
j5334,1,1
j5335,1,369
j5336,1,1205
j5337,1,1150
j5338,1,490
j5339,1,31
j5340,9,425
j5341,31,1
j5342,10,37
j5343,1,24
j5344,51,306
j5345,8,1029
j5346,1,4
j5347,1,32
j5348,5,1381
j5349,1,244
j5350,1,1025
j5351,1,1
j5352,1,1
j5353,1,70
j5354,4,1386
j5355,1,90
j5356,53,244
j5357,1,6
j5358,1,19
j5359,1,57
j5360,1,1
j5361,1,1
j5362,1,250
j5363,1,69
j5364,1,5
j5365,4,6
j5366,1,91
j5367,1,1261
j5368,4,28
j5369,1,1387
j5370,1,52
j5371,1,1326
j5372,4,190
j5373,1,5
j5374,1,2
j5375,1,72
j5376,1,111
j5377,4,1
j5378,1,1
j5379,1,26
j5380,32,1
j5381,1,487
j5382,8,244
j5383,1,28
j5384,1,38
j5385,1,490
j5386,1,4
j5387,1,3
j5388,1,7
j5389,1,69
j5390,1,3
j5391,1,1387
j5392,3,17
j5393,8,1262
j5394,3,35
j5395,1,30
j5396,1,1
j5397,1,367
j5398,4,904
j5399,1,1081
j5400,1,52
j5401,1,28
j5402,8,135
j5403,1,41
j5404,1,51
j5405,267,850
j5406,8,40
j5407,23,88
j5408,1,1145
j5409,4,2
j5410,68,1382
j5411,1,242
j5412,1,1328
j5413,1,26
j5414,2,53
j5415,55,157
j5416,18,18
j5417,1,37
j5418,288,1381
j5419,1,19
j5420,1,1
j5421,1,1323
j5422,8,487
j5423,1,22
j5424,5,155
j5425,20,1329
j5426,1,968
j5427,1,1
j5428,1,9
j5429,1,367
j5430,40,54
j5431,1,52
j5432,1,603
j5433,1,250
j5434,1,17
j5435,12,48
j5436,1,5
j5437,1,308
j5438,1,429
j5439,1,1328
j5440,1,40
j5441,1,42
j5442,1,1202
j5443,554,1389
j5444,1,60
j5445,5,24
j5446,8,1082
j5447,1,1
j5448,1,5
j5449,4,1385
j5450,1,4
j5451,1,27
j5452,1,845
j5453,4,1386
j5454,3,1
j5455,1,486
j5456,1,1
j5457,1,421
j5458,1,1382
j5459,1,1384
j5460,1,1
j5461,1,30
j5462,1,38
j5463,40,30
j5464,1,726
j5465,8,3
j5466,1,310
j5467,1,6
j5468,1,1
j5469,1,129
j5470,1,17
j5471,5,901
j5472,8,36
j5473,1,1207
j5474,1,39
j5475,38,309
j5476,8,1026
j5477,1,609
j5478,60,969
j5479,1,14
j5480,1,50
j5481,1,1029
j5482,1,1203
j5483,1,4
j5484,1,56
j5485,1,39
j5486,1,1
j5487,1,64
j5488,1,9
j5489,1,3
j5490,1,141
j5491,11,59
j5492,1,52
j5493,8,607
j5494,1,664
j5495,1,5
j5496,1,964
j5497,1,44
j5498,1,244
j5499,1,35
j5500,1,1150
j5501,1,8
j5502,1,247
j5503,1,1028
j5504,1,1088
j5505,1,106
j5506,2,21
j5507,1,1324
j5508,1,542
j5509,1,1142
j5510,37,161
j5511,4,22
j5512,4,249
j5513,1,80
j5514,1,104
j5515,1,1387
j5516,1,34
j5517,1,1381
j5518,3,1
j5519,1,53
j5520,1,23
j5521,1,1382
j5522,1,1
j5523,95,1261
j5524,2,83
j5525,1,56
j5526,1,1383
j5527,1,1264
j5528,1,27
j5529,1,1
j5530,1,1087
j5531,1,50
j5532,4,247
j5533,4,8
j5534,1,25
j5535,3,112
j5536,1,1
j5537,1,310
j5538,1,32
j5539,1,304
j5540,72,1
j5541,1,190
j5542,1,30
j5543,1,24
j5544,1,244
j5545,1,488
j5546,1,25
j5547,1,1
j5548,1,425
j5549,1,1324
j5550,1,1264
j5551,1,63
j5552,1,602
j5553,1,729
j5554,1,32
j5555,1,1328
j5556,1,74
j5557,4,1
j5558,1,544
j5559,1,1150
j5560,4,190
j5561,1,486
j5562,1,51
j5563,1,125
j5564,1,363
j5565,1,24
j5566,2,63
j5567,8,1082
j5568,1,53
j5569,1,1
j5570,409,62
j5571,1,1384
j5572,2,1390
j5573,74,1083
j5574,1,31
j5575,57,727
j5576,4,95
j5577,8,72
j5578,33,7
j5579,1,28
j5580,1,9
j5581,1,609
j5582,1,1266
j5583,1,45
j5584,60,4
j5585,1,244
j5586,1,45
j5587,1,970
j5588,1,1
j5589,1,1390
j5590,1,309
j5591,353,1150
j5592,60,1390
j5593,2,1
j5594,1,301
j5595,27,1024
j5596,1,133
j5597,5,544
j5598,1,724
j5599,1,1
j5600,1,1
j5601,1,47
j5602,5,47
j5603,46,1
j5604,1,1390
j5605,1,605
j5606,151,1328
j5607,1,52
j5608,17,245
j5609,1470,74
j5610,1,664
j5611,1,24
j5612,1,109
j5613,1,301
j5614,1,1082
j5615,1,1387
j5616,1,1
j5617,1,57
j5618,41,1
j5619,1,1143
j5620,1,481
j5621,1,32
j5622,1,159
j5623,1,22
j5624,1,963
j5625,1,52
j5626,8,32
j5627,1,113
j5628,2,20
j5629,1,23
j5630,1,23
j5631,1,1
j5632,1,1381
j5633,1,34
j5634,1,72
j5635,1,1
j5636,1,1
j5637,1,8
j5638,1,62
j5639,1,790
j5640,1,26
j5641,1,5
j5642,1,908
j5643,1,547
j5644,1,35
j5645,13,844
j5646,394,249
j5647,5,75
j5648,1,49
j5649,8,51
j5650,1,97
j5651,157,21
j5652,1,909
j5653,8,1388
j5654,4,111
j5655,1,1
j5656,1,7
j5657,9,11
j5658,1,369
j5659,36,58
j5660,8,1
j5661,1,24
j5662,4,486
j5663,1,243
j5664,1,605
j5665,1,1149
j5666,1,602
j5667,1,1
j5668,1,44
j5669,1,1
j5670,1,370
j5671,1,242
j5672,1,3
j5673,1,16
j5674,71,8
j5675,1,1022
j5676,10,24
j5677,50,17
j5678,6,28
j5679,1,62
j5680,4,1388
j5681,1,8
j5682,1,365
j5683,1,59
j5684,1,246
j5685,1,1
j5686,1,52
j5687,4,61
j5688,1,16
j5689,10,541
j5690,5,549
j5691,4,1084
j5692,1,1389
j5693,1,1146
j5694,1,490
j5695,18,1
j5696,1,47
j5697,1,6
j5698,37,1390
j5699,1,36
j5700,1,22
j5701,1,1
j5702,58,964
j5703,1,6
j5704,1,14
j5705,1,548
j5706,1,1
j5707,3,1149
j5708,1,83
j5709,1,1328
j5710,1,190
j5711,1,1
j5712,4,91
j5713,322,1203
j5714,1,64
j5715,297,38
j5716,1,38
j5717,1,482
j5718,1,1144
j5719,1,245
j5720,1,6
j5721,4,116
j5722,1,546
j5723,4,306
j5724,4,21
j5725,4,1083
j5726,1,5
j5727,1,1389
j5728,4,38
j5729,1,485
j5730,1,189
j5731,1,481
j5732,3,54
j5733,6,102
j5734,2,542
j5735,2,41
j5736,1,37
j5737,1,1208
j5738,1,58
j5739,4,106
j5740,1,306
j5741,1,1082
j5742,1,1268
j5743,1,1
j5744,1,1209
j5745,1,728
j5746,8,1387
j5747,2,487
j5748,8,729
j5749,1,24
j5750,67,1
j5751,1,6
j5752,1,306
j5753,3,50
j5754,1,310
j5755,15,1267
j5756,8,305
j5757,60,83
j5758,1,544
j5759,1,1389
j5760,1,145
j5761,1,188
j5762,1,1
j5763,62,1
j5764,8,25
j5765,1,49
j5766,524,4
j5767,1,16
j5768,1,1
j5769,1,18
j5770,1,1387
j5771,1,302
j5772,1,60
j5773,4,116
j5774,4,669
j5775,1,99
j5776,1,1
j5777,1,23
j5778,1,189
j5779,5,1024
j5780,10,247
j5781,14,1206
j5782,11,1207
j5783,15,22
j5784,1,1265
j5785,1,1
j5786,6,10
j5787,1,52
j5788,1,963
j5789,156,848
j5790,54,9
j5791,1,1326
j5792,1,1084
j5793,1,77
j5794,1,663
j5795,1,123
j5796,1,1090
j5797,10,47
j5798,100,57
j5799,41,783
j5800,1,1
j5801,1,71
j5802,16,32
j5803,4,59
j5804,1,303
j5805,1,2
j5806,1,1386
j5807,5,70
j5808,1,1325
j5809,1,548
j5810,55,25
j5811,1,99
j5812,1,37
j5813,70,184
j5814,56,1383
j5815,1,55
j5816,1,55
j5817,4,1
j5818,8,51
j5819,1,1028
j5820,1,1082
j5821,1,52
j5822,1,63
j5823,5,118
j5824,1,39
j5825,1,27
j5826,9,365
j5827,1,11
j5828,1,303
j5829,1,96
j5830,1,1086
j5831,1,1086
j5832,1,1390
j5833,1,1387
j5834,1,30
j5835,1,486
j5836,1,1265
j5837,2,304
j5838,1,428
j5839,1,68
j5840,1,10
j5841,1,78
j5842,49,1
j5843,1,1382
j5844,4,1323
j5845,13,53
j5846,31,9
j5847,1,9
j5848,1,247
j5849,1,1141
j5850,1,1
j5851,1,8
j5852,1,541
j5853,1,37
j5854,1,307
j5855,1,9
j5856,1,249
j5857,4,243
j5858,1,1029
j5859,1,1
j5860,1,52
j5861,1,1082
j5862,1,1
j5863,1,10
j5864,55,4
j5865,1,38
j5866,1,248
j5867,1,27
j5868,118,13
j5869,4,167
j5870,1,53
j5871,1,1088
j5872,4,243
j5873,8,1385
j5874,1,424
j5875,1,29
j5876,1,1
j5877,1,1024
j5878,1,248
j5879,4,1384
j5880,1,67
j5881,1,1
j5882,8,28
j5883,44,6
j5884,8,19
j5885,5,1
j5886,2,367
j5887,8,2
j5888,4,428
j5889,1,106
j5890,57,965
j5891,1,1267
j5892,1,542
j5893,1,1
j5894,1,482
j5895,1,1383
j5896,1,10
j5897,1,1088
j5898,1,1
j5899,1,548
j5900,1,1326
j5901,1,2
j5902,1,100
j5903,1,35
j5904,62,41
j5905,1,486
j5906,1,364
j5907,1,489
j5908,1,247
j5909,1,1
j5910,1,120
j5911,1,1
j5912,1,844
j5913,298,1
j5914,1,246
j5915,1,602
j5916,1,1027
j5917,1,60
j5918,1,367
j5919,212,29
j5920,1,250
j5921,1,39
j5922,1,41
j5923,1,1207
j5924,1,548
j5925,1,78
j5926,1,58
j5927,1,1330
j5928,1,361
j5929,1,22
j5930,1,28
j5931,1,8
j5932,1,908
j5933,3,3
j5934,1,1324
j5935,4,34
j5936,4,68
j5937,1,968
j5938,1,16
j5939,1,119
j5940,1,100
j5941,1,26
j5942,160,486
j5943,1,1383
j5944,1,14
j5945,1,2
j5946,1,60
j5947,1,1
j5948,1,542
j5949,1,1
j5950,58,23
j5951,1,1090
j5952,6,4
j5953,1,1
j5954,1,1384
j5955,4,60
j5956,555,104
j5957,2,242
j5958,1,1026
j5959,1,545
j5960,8,1084
j5961,1,1390
j5962,1,31
j5963,1,610
j5964,1,189
j5965,1,52
j5966,1,39
j5967,241,25
j5968,1,108
j5969,1,1090
j5970,1,307
j5971,1,1022
j5972,1,1
j5973,8,26
j5974,1,30
j5975,1,544
j5976,4,964
j5977,1,1
j5978,38,787
j5979,4,729
j5980,10,2
j5981,1,1384
j5982,1,39
j5983,3,15
j5984,5,71
j5985,5,844
j5986,1,666
j5987,1,1143
j5988,1,1
j5989,1,250
j5990,4,25
j5991,1,965
j5992,1,37
j5993,1,111
j5994,1,143
j5995,39,11
j5996,1,488
j5997,5,1388
j5998,1,6
j5999,25,9
j6000,3,1381
j6001,1,1
j6002,4,8
j6003,3,34
j6004,1,3
j6005,1,35
j6006,1,1270
j6007,1,361
j6008,60,135
j6009,2,670
j6010,1,1389
j6011,1,1023
j6012,1,604
j6013,1,1
j6014,1,1204
j6015,1,728
j6016,1,1
j6017,1,68
j6018,1,484
j6019,1,1
j6020,15,149
j6021,1,606
j6022,1,1
j6023,1,14
j6024,1,171
j6025,1,1
j6026,1,28
j6027,5,3
j6028,1,241
j6029,2,30
j6030,1,21
j6031,1,1
j6032,5,1026
j6033,1,1389
j6034,1,609
j6035,4,241
j6036,120,31
j6037,1,301
j6038,1,1384
j6039,2,1148
j6040,188,49
j6041,29,1382
j6042,1,190
j6043,2,9
j6044,9,481
j6045,1,5
j6046,1,1
j6047,1,57
j6048,1,92
j6049,1,11
j6050,1,1090
j6051,1,85
j6052,1,32
j6053,2,845
j6054,1,1141
j6055,1,1022
j6056,3,40
j6057,1,427
j6058,1,1207
j6059,1,49
j6060,1,1381
j6061,1,967
j6062,1,1262
j6063,5,90
j6064,1,962
j6065,1,13
j6066,1,1085
j6067,1,8
j6068,1,1385
j6069,1,14
j6070,1,51
j6071,1,26
j6072,22,249
j6073,1,1
j6074,13,728
j6075,1,1
j6076,54,1
j6077,8,1085
j6078,1,1143
j6079,1,1384
j6080,1,27
j6081,1,1204
j6082,1,28
j6083,3,72
j6084,1,57
j6085,4,1388
j6086,31,1
j6087,1,970
j6088,1,35
j6089,1,13
j6090,1,12
j6091,4,32
j6092,1,59
j6093,1,74
j6094,36,1
j6095,1,1
j6096,55,1389
j6097,1,42
j6098,1,58
j6099,1,305
j6100,27,247
j6101,1,301
j6102,31,117
j6103,1,1
j6104,1,15
j6105,1,1022
j6106,1,305
j6107,10,119
j6108,1,5
j6109,105,83
j6110,1,1023
j6111,171,1088
j6112,1,44
j6113,396,26
j6114,1,723
j6115,47,23
j6116,1,15
j6117,1,1
j6118,1,68
j6119,1,6
j6120,1,80
j6121,1,1269
j6122,1,1382
j6123,1,7
j6124,8,545
j6125,1,19
j6126,4,41
j6127,1,8
j6128,1,71
j6129,1,127
j6130,1,1
j6131,10,249
j6132,1,786
j6133,1,1148
j6134,1,56
j6135,154,120
j6136,1,100
j6137,1,1329
j6138,1,29
j6139,1,1
j6140,1,368
j6141,1,1381
j6142,1,1090
j6143,1,1204
j6144,1,55
j6145,1,8
j6146,1,69
j6147,1,1386
j6148,20,53
j6149,96,1
j6150,1,93
j6151,1,1027
j6152,1,5
j6153,1,1
j6154,1,782
j6155,1,784
j6156,1,57
j6157,78,25
j6158,1,541
j6159,5,25
j6160,1,8
j6161,15,9
j6162,1,56
j6163,1,27
j6164,1,906
j6165,1,1322
j6166,1,1266
j6167,1,108
j6168,1,1266
j6169,167,189
j6170,1,7
j6171,1,1321
j6172,1,65
j6173,15,1
j6174,1,1265
j6175,6,241
j6176,1,1
j6177,1,1388
j6178,1,161
j6179,1,1207
j6180,1,6
j6181,1,545
j6182,1,25
j6183,1,1390
j6184,1,1266
j6185,1,1390
j6186,1,84
j6187,5,1383
j6188,1,105
j6189,1,428
j6190,1,43
j6191,1,10
j6192,1,670
j6193,1,362
j6194,1,52
j6195,54,27
j6196,1,1204
j6197,4,423
j6198,1,1027
j6199,1,1
j6200,56,60
j6201,1,187
j6202,3,98
j6203,1,1388
j6204,1,3
j6205,53,1
j6206,1,365
j6207,1,20
j6208,1,1086
j6209,1,1323
j6210,1,1
j6211,1,1387
j6212,1,17
j6213,1,109
j6214,4,1328
j6215,1,1330
j6216,1,1
j6217,1,6
j6218,1,43
j6219,4,90
j6220,1,370
j6221,1,425
j6222,1,4
j6223,1,1383
j6224,9,41
j6225,1,24
j6226,1,1264
j6227,55,36
j6228,6,28
j6229,8,109
j6230,4,53
j6231,11,7
j6232,1,1
j6233,1,421
j6234,1,310
j6235,1,4
j6236,1,1
j6237,4,1267
j6238,1,481
j6239,1,4
j6240,1,247
j6241,1,481
j6242,1,1145
j6243,50,1387
j6244,18,729
j6245,4,1261
j6246,8,88
j6247,1,6
j6248,1,54
j6249,1,428
j6250,8,40
j6251,1,726
j6252,1,608
j6253,4,1149
j6254,4,2
j6255,1,22
j6256,1,81
j6257,1,1270
j6258,1,1150
j6259,1,781
j6260,8,427
j6261,28,1326
j6262,8,1262
j6263,1,1390
j6264,1,1
j6265,1,164
j6266,1,23
j6267,1,52
j6268,1,1
j6269,1,21
j6270,1,1390
j6271,1,1210
j6272,1,243
j6273,1,105
j6274,1,60
j6275,1,22
j6276,1,21
j6277,1,1
j6278,12,544
j6279,1,844
j6280,1,1
j6281,1,188
j6282,1,7
j6283,55,189
j6284,5,849
j6285,1,27
j6286,1,186
j6287,1,38
j6288,1,5
j6289,1,29
j6290,8,29
j6291,1,22
j6292,1,1
j6293,2,3
j6294,1,9
j6295,1,241
j6296,1,11
j6297,4,41
j6298,345,34
j6299,1,1209
j6300,1,1
j6301,1,81
j6302,5,249
j6303,13,1142
j6304,1,1327
j6305,1,247
j6306,55,31
j6307,1,33
j6308,1,1
j6309,1,8
j6310,1,1
j6311,1,245
j6312,1,24
j6313,4,1
j6314,9,23
j6315,1,48
j6316,1,1386
j6317,1,1141
j6318,1,247
j6319,16,7
j6320,1,1
j6321,1,21
j6322,4,25
j6323,1,63
j6324,1,41
j6325,1,1
j6326,4,307
j6327,1,56
j6328,8,1327
j6329,1,80
j6330,1,23
j6331,12,151
j6332,1,1
j6333,8,730
j6334,1,13
j6335,1,33
j6336,1,28
j6337,1,2
j6338,1,1089
j6339,1,1089
j6340,5,1
j6341,1,18
j6342,1,9
j6343,1,1
j6344,1,1330
j6345,1,1
j6346,1,308
j6347,1,78
j6348,1,547
j6349,1,3
j6350,1,1
j6351,1,103
j6352,40,92
j6353,10,967
j6354,1,1
j6355,1,543
j6356,122,546
j6357,1,9
j6358,1,88
j6359,1,52
j6360,8,1210
j6361,212,1382
j6362,5,962
j6363,1,1210
j6364,1,22
j6365,78,664
j6366,81,23
j6367,1,59
j6368,1,104
j6369,1,1382
j6370,1,129
j6371,1,48
j6372,2,1383
j6373,4,1264
j6374,1,11
j6375,1,2
j6376,1,904
j6377,1,102
j6378,1,60
j6379,1,1389
j6380,2,4
j6381,1,243
j6382,1,64
j6383,1,249
j6384,1,1386
j6385,1,57
j6386,1,190
j6387,1,29
j6388,4,1321
j6389,17,961
j6390,1,59
j6391,1,1085
j6392,8,17
j6393,1,30
j6394,1,27
j6395,1,85
j6396,1,6
j6397,1,78
j6398,4,23
j6399,55,1388
j6400,18,1383
j6401,1,177
j6402,3,1263
j6403,1,52
j6404,4,668
j6405,28,7
j6406,1,1084
j6407,1,1146
j6408,1,1
j6409,1,786
j6410,1,55
j6411,1,24
j6412,1,244
j6413,4,90
j6414,1,1
j6415,4,54
j6416,1,32
j6417,1,50
j6418,1,249
j6419,1,34
j6420,3,1388
j6421,1,94
j6422,1,26
j6423,8,1
j6424,1,50
j6425,20,964
j6426,8,107
j6427,1,30
j6428,1,62
j6429,4,729
j6430,1,22
j6431,1,10
j6432,1,29
j6433,1,548
j6434,1,28
j6435,1,429
j6436,1,3
j6437,1,26
j6438,4,1
j6439,1,23
j6440,1,1024
j6441,1,8
j6442,840,845
j6443,1,16
j6444,8,53
j6445,1,361
j6446,1,8
j6447,1,114
j6448,1,1030
j6449,1,1
j6450,1,91
j6451,1,53
j6452,1,4
j6453,4,1148
j6454,6,1384
j6455,1,1084
j6456,1,75
j6457,1,1
j6458,5,4
j6459,1,53
j6460,4,241
j6461,1,8
j6462,1,849
j6463,1,1385
j6464,1,1
j6465,1,119
j6466,8,48
j6467,1,1
j6468,1,1383
j6469,6,24
j6470,1,12
j6471,4,1323
j6472,5,71
j6473,99,184
j6474,1,80
j6475,1,1
j6476,1,665
j6477,63,249
j6478,1,309
j6479,1,2
j6480,27,428
j6481,1,40
j6482,1,55
j6483,1,965
j6484,56,26
j6485,1,308
j6486,1,969
j6487,3,1390
j6488,178,55
j6489,12,1
j6490,8,242
j6491,1,546
j6492,1,62
j6493,52,51
j6494,1,1
j6495,1,59
j6496,8,363
j6497,4,1385
j6498,1,1327
j6499,50,1090
j6500,8,29
j6501,1,1
j6502,1,1
j6503,1,905
j6504,1,32
j6505,1,488
j6506,1,1
j6507,1,9
j6508,1,52
j6509,4,80
j6510,697,182
j6511,40,1
j6512,12,364
j6513,911,6
j6514,4,1
j6515,1,1086
j6516,1,22
j6517,53,78
j6518,1,78
j6519,3,1025
j6520,5,18
j6521,1,7
j6522,1,1385
j6523,1,1
j6524,1,93
j6525,1,1146
j6526,1,248
j6527,8,428
j6528,4,1383
j6529,4,13
j6530,1,79
j6531,1,1326
j6532,1,1
j6533,8,54
j6534,1,27
j6535,1,1
j6536,12,1
j6537,3,1021
j6538,38,1142
j6539,1,10
j6540,1,93
j6541,2,48
j6542,2,1
j6543,1,30
j6544,1,1206
j6545,1,609
j6546,4,90
j6547,1,369
j6548,1,21
j6549,1,1
j6550,1,249
j6551,1,1382
j6552,1,35
j6553,8,1144
j6554,4,850
j6555,1,10
j6556,241,849
j6557,1,604
j6558,12,1383
j6559,1,33
j6560,4,1390
j6561,1,138
j6562,1,39
j6563,1,1
j6564,4,1269
j6565,1,368
j6566,1,1387
j6567,1,102
j6568,1,7
j6569,1,24
j6570,50,249
j6571,1,1
j6572,1,1382
j6573,31,28
j6574,8,1
j6575,4,604
j6576,12,55
j6577,1,65
j6578,1,4
j6579,4,1030
j6580,4,1386
j6581,1,1
j6582,1,1384
j6583,1,962
j6584,1,1
j6585,8,1323
j6586,4,1144
j6587,1,58
j6588,1,1204
j6589,1127,1
j6590,1,9
j6591,1,1
j6592,1,81
j6593,572,303
j6594,1,1322
j6595,1,1202
j6596,1,30
j6597,1,37
j6598,1,2
j6599,1,31
j6600,1,127
j6601,4,42
j6602,1,1022
j6603,54,55
j6604,1,1146
j6605,1,909
j6606,1,122
j6607,1,1
j6608,123,422
j6609,1,21
j6610,1,1
j6611,1,47
j6612,1,1384
j6613,1,1
j6614,1,41
j6615,8,7
j6616,1,36
j6617,8,1270
j6618,4,1201
j6619,1,1
j6620,1,7
j6621,1,5
j6622,1,56
j6623,2,26
j6624,3,426
j6625,1,1086
j6626,1,303
j6627,1,666
j6628,8,56
j6629,8,181
j6630,1,15
j6631,1,1389
j6632,1,37
j6633,1,1146
j6634,4,1
j6635,1,724
j6636,1,54
j6637,1,101
j6638,1,1389
j6639,1,3
j6640,1,72
j6641,57,782
j6642,1,105
j6643,8,50
j6644,8,1202
j6645,10,1383
j6646,1,601
j6647,1,48
j6648,1,1144
j6649,1,47
j6650,1,1326
j6651,1,12
j6652,1,721
j6653,3,1385
j6654,5,1387
j6655,1,38
j6656,4,1029
j6657,576,17
j6658,1,1
j6659,4,40
j6660,1,7
j6661,1,841
j6662,1,1389
j6663,11,241
j6664,1,14
j6665,1,25
j6666,5,6
j6667,193,26
j6668,6,33
j6669,4,1149
j6670,6,20
j6671,1,365
j6672,1,1028
j6673,1,1386
j6674,1,32
j6675,8,1202
j6676,3,83
j6677,1,1
j6678,1,13
j6679,1,52
j6680,108,5
j6681,43,22
j6682,1,56
j6683,3,14
j6684,1,1
j6685,1,18
j6686,20,88
j6687,31,1149
j6688,4,606
j6689,1,1201
j6690,1,166
j6691,1,49
j6692,1,4
j6693,1,848
j6694,1,34
j6695,3,28
j6696,4,184
j6697,2,541
j6698,1,66
j6699,1,37
j6700,8,6
j6701,8,17
j6702,1,138
j6703,1,7
j6704,8,7
j6705,1,1262
j6706,1,1389
j6707,1,64
j6708,1,425
j6709,1,1262
j6710,1,45
j6711,1,969
j6712,1,53
j6713,1,27
j6714,1,608
j6715,1,25
j6716,1,242
j6717,37,69
j6718,1,1086
j6719,1,28
j6720,1,7
j6721,5,51
j6722,46,189
j6723,54,10
j6724,92,366
j6725,1,38
j6726,1,1
j6727,2,59
j6728,1,243
j6729,1,7
j6730,4,130
j6731,1,850
j6732,5,1324
j6733,1,51
j6734,1,67
j6735,1,11
j6736,1,1
j6737,1,80
j6738,1,306
j6739,1,1202
j6740,1,10
j6741,1,37
j6742,1,304
j6743,1,35
j6744,1,61
j6745,51,106
j6746,1,20
j6747,1,52
j6748,1,1382
j6749,4,28
j6750,1,182
j6751,1,149
j6752,1,30
j6753,1,1
j6754,1,1384
j6755,1,20
j6756,1,1390
j6757,165,1
j6758,1,165
j6759,1,961
j6760,50,51
j6761,1,128
j6762,1,1
j6763,1,1
j6764,1,64
j6765,1,5
j6766,1,42
j6767,1,305
j6768,4,1261
j6769,1,181
j6770,1,248
j6771,1,48
j6772,1,1207
j6773,1,64
j6774,1,1
j6775,1,1385
j6776,1,27
j6777,1,1386
j6778,51,909
j6779,1,77
j6780,1,8
j6781,1,63
j6782,1,183
j6783,1,32
j6784,34,24
j6785,35,58
j6786,1,29
j6787,1,99
j6788,1,10
j6789,4,1
j6790,1,1261
j6791,1,74
j6792,1,54
j6793,1,2
j6794,1,246
j6795,1,17
j6796,1,37
j6797,4,542
j6798,1,603
j6799,4,18
j6800,1,902
j6801,194,57
j6802,4,542
j6803,1,85
j6804,1,10
j6805,1,81
j6806,1,63
j6807,1,18
j6808,1,247
j6809,1,97
j6810,1,62
j6811,1,665
j6812,1,247
j6813,3,9
j6814,1,1022
j6815,1,4
j6816,1,30
j6817,1,1203
j6818,1,117
j6819,1,110
j6820,1,1022
j6821,561,1
j6822,197,67
j6823,1,59
j6824,1,1202
j6825,1,785
j6826,1,250
j6827,1,1088
j6828,1,42
j6829,4,5
j6830,1,6
j6831,1,10
j6832,1,1383
j6833,11,1
j6834,1,1330
j6835,39,10
j6836,1,58
j6837,6,1
j6838,1,1149
j6839,1,7
j6840,37,184
j6841,1,1
j6842,4,64
j6843,1,67
j6844,1,843
j6845,1,241
j6846,5,1082
j6847,1,27
j6848,2,34
j6849,1,1088
j6850,1,1
j6851,1,97
j6852,1,11
j6853,23,1
j6854,8,56
j6855,1,366
j6856,1,22
j6857,1,26
j6858,1,24
j6859,1,1143
j6860,1,20
j6861,1,100
j6862,1,1
j6863,3,246
j6864,1,661
j6865,1,1087
j6866,4,120
j6867,4,16
j6868,1,668
j6869,1,16
j6870,1,1
j6871,1,490
j6872,1,1
j6873,1,248
j6874,8,58
j6875,18,1327
j6876,38,607
j6877,1,9
j6878,1,53
j6879,1,27
j6880,11,56
j6881,8,1270
j6882,1,14
j6883,1,1
j6884,1,1
j6885,1,784
j6886,1,143
j6887,1,184
j6888,1,9
j6889,3,10
j6890,1,24
j6891,15,77
j6892,1,1029
j6893,1,1381
j6894,4,66
j6895,4,190
j6896,1,1
j6897,1,51
j6898,1,4
j6899,1,1382
j6900,1,36
j6901,1,11
j6902,1,668
j6903,1,10
j6904,18,2
j6905,8,905
j6906,1,6
j6907,1,1026
j6908,1,790
j6909,757,35
j6910,1,604
j6911,1,1089
j6912,9,28
j6913,1,144
j6914,1,1266
j6915,1,1267
j6916,1,6
j6917,1,25
j6918,1,35
j6919,113,723
j6920,1,488
j6921,1,1
j6922,1,8
j6923,1,1
j6924,1,721
j6925,1,1090
j6926,1,41
j6927,1,3
j6928,1,58
j6929,1016,121
j6930,1,661
j6931,1,1389
j6932,1,36
j6933,8,1
j6934,1,7
j6935,1,1
j6936,1,37
j6937,1,788
j6938,1,1088
j6939,1,29
j6940,1,1385
j6941,1,22
j6942,1,1384
j6943,51,36
j6944,53,247
j6945,1,10
j6946,1,99
j6947,180,54
j6948,1,11
j6949,1,1
j6950,1,1
j6951,1,1
j6952,1,250
j6953,1,303
j6954,1,69
j6955,1,545
j6956,212,1
j6957,1,1265
j6958,1,428
j6959,3,57
j6960,1,58
j6961,3,105
j6962,1,105
j6963,1,1390
j6964,1,28
j6965,1,55
j6966,1,543
j6967,1,1
j6968,1,2
j6969,15,186
j6970,1,1387
j6971,1,9
j6972,1,27
j6973,1,1024
j6974,1,1142
j6975,1,55
j6976,1,55
j6977,1,661
j6978,52,1
j6979,1,1148
j6980,1,15
j6981,1,907
j6982,1,14
j6983,6,2
j6984,1,428
j6985,16,1383
j6986,1,1381
j6987,544,46
j6988,1,47
j6989,4,2
j6990,1,21
j6991,1,54
j6992,1,6
j6993,1,25
j6994,1,56
j6995,1,6
j6996,1,23
j6997,1,3
j6998,1,39
j6999,1,9
j7000,1,20
j7001,1,1
j7002,1,1384
j7003,1,45
j7004,1,92
j7005,1,9
j7006,1,244
j7007,1,1144
j7008,8,52
j7009,1,26
j7010,4,1201
j7011,43,111
j7012,5,964
j7013,1,5
j7014,1,728
j7015,3,5
j7016,5,109
j7017,17,1024
j7018,1,1322
j7019,1,34
j7020,1,44
j7021,2,25
j7022,1,111
j7023,1,2
j7024,8,841
j7025,8,56
j7026,4,310
j7027,1,55
j7028,8,1147
j7029,19,607
j7030,5,1
j7031,156,302
j7032,15,1
j7033,1,130
j7034,1,111
j7035,4,47
j7036,12,67
j7037,4,1089
j7038,1,148
j7039,1,6
j7040,1,1
j7041,1,109
j7042,1,31
j7043,8,306
j7044,7,303
j7045,1,108
j7046,1,140
j7047,1,5
j7048,10,1
j7049,6,51
j7050,1,158
j7051,1,92
j7052,1,487
j7053,1,7
j7054,1,304
j7055,1,1
j7056,1,4
j7057,64,10
j7058,1,483
j7059,233,305
j7060,1,5
j7061,1,668
j7062,1,1388
j7063,1,310
j7064,23,1267
j7065,3,26
j7066,1,1
j7067,5,301
j7068,1,1
j7069,63,21
j7070,1,51
j7071,4,43
j7072,1,5
j7073,1,306
j7074,1,76
j7075,1,109
j7076,8,66
j7077,8,781
j7078,1,32
j7079,8,10
j7080,1,361
j7081,1,59
j7082,1,906
j7083,1,72
j7084,1,1381
j7085,1,1388
j7086,1,664
j7087,1,62
j7088,16,95
j7089,1,1
j7090,1,71
j7091,1,1383
j7092,1,306
j7093,1,6
j7094,4,54
j7095,1,1390
j7096,1,51
j7097,2,1
j7098,1,3
j7099,1,12
j7100,8,250
j7101,1,33
j7102,1,18
j7103,3,6
j7104,1,120
j7105,27,1
j7106,1,57
j7107,1,13
j7108,1,609
j7109,1,481
j7110,42,304
j7111,1,115
j7112,1,303
j7113,4,116
j7114,1,8
j7115,1,26
j7116,1,2
j7117,1,8
j7118,1,26
j7119,1,246
j7120,1,24
j7121,5,55
j7122,1,51
j7123,1,77
j7124,1,307
j7125,8,1264
j7126,5,548
j7127,1,668
j7128,1,25
j7129,1,1026
j7130,1,4
j7131,1,1
j7132,1,14
j7133,1,41
j7134,1,489
j7135,5,97
j7136,4,1
j7137,1,56
j7138,62,1
j7139,1,1148
j7140,4,28
j7141,4,1023
j7142,1,1
j7143,1,21
j7144,1,36
j7145,1,1270
j7146,1,1388
j7147,19,186
j7148,1,1
j7149,1,248
j7150,1,1
j7151,1,310
j7152,5,19
j7153,1,2
j7154,1,425
j7155,1,35
j7156,1,364
j7157,1,1
j7158,1,73
j7159,58,1087
j7160,1,22
j7161,1,5
j7162,17,52
j7163,1,24
j7164,1,7
j7165,1,22
j7166,1,365
j7167,1,83
j7168,1,1390
j7169,14,4
j7170,95,1266
j7171,1,1266
j7172,1,1322
j7173,1,37
j7174,107,961
j7175,1,967
j7176,1,967
j7177,1,35
j7178,1,8
j7179,1,56
j7180,1,28
j7181,300,60
j7182,1,541
j7183,1,1
j7184,1,23
j7185,1,1
j7186,1,38
j7187,4,241
j7188,1,1
j7189,1,1026
j7190,1,482
j7191,1,845
j7192,4,1
j7193,1,59
j7194,4,78
j7195,577,106
j7196,12,1
j7197,1,1
j7198,1,4
j7199,1,1
j7200,1,1089
j7201,1,369
j7202,4,4
j7203,21,1084
j7204,1,1264
j7205,1,6
j7206,5,1386
j7207,1,35
j7208,1,34
j7209,1,550
j7210,1,39
j7211,1,1
j7212,1,1384
j7213,4,31
j7214,1,1329
j7215,1,1081
j7216,1,545
j7217,4,10
j7218,2,1090
j7219,1,1
j7220,8,247
j7221,1,181
j7222,3,1388
j7223,4,1383
j7224,4,1022
j7225,1,29
j7226,1,21
j7227,1,1390
j7228,1,1323
j7229,1,1
j7230,1,483
j7231,1,1083
j7232,1,966
j7233,1,58
j7234,1,608
j7235,1,39
j7236,1,64
j7237,4,1
j7238,1,541
j7239,1,1208
j7240,1,1
j7241,1,10
j7242,1,59
j7243,299,1
j7244,1,78
j7245,1,40
j7246,1,27
j7247,1,1090
j7248,1,58
j7249,1,54
j7250,1,30
j7251,8,4
j7252,1,2
j7253,4,1321
j7254,1,10
j7255,1,72
j7256,1,1267
j7257,1,18
j7258,1,60
j7259,1,1
j7260,1,40
j7261,1,19
j7262,1,1202
j7263,1,1
j7264,1,172
j7265,1,367
j7266,1,548
j7267,1,34
j7268,1,603
j7269,1,50
j7270,4,1
j7271,25,10
j7272,1,91
j7273,1,29
j7274,1,41
j7275,1,1
j7276,1,24
j7277,1,1
j7278,1,607
j7279,150,1143
j7280,232,1268
j7281,1,60
j7282,1,20
j7283,8,1028
j7284,1,15
j7285,1,248
j7286,1,1
j7287,5,247
j7288,8,250
j7289,1,48
j7290,1,1
j7291,8,32
j7292,1,161
j7293,1,2
j7294,21,70
j7295,1,1024
j7296,3,1141
j7297,59,7
j7298,1,11
j7299,1,1149
j7300,1,1
j7301,4,7
j7302,1,1089
j7303,1,1390
j7304,8,1381
j7305,22,661
j7306,1,487
j7307,4,484
j7308,1,1025
j7309,1,422
j7310,8,94
j7311,1,52
j7312,1,104
j7313,1,58
j7314,1,25
j7315,1,1385
j7316,1,1267
j7317,1,1
j7318,1,248
j7319,1,51
j7320,1,189
j7321,3,1
j7322,1,189
j7323,1,189
j7324,1,4
j7325,35,11
j7326,1,53
j7327,4,1381
j7328,1,1026
j7329,25,10
j7330,1,909
j7331,59,301
j7332,1,248
j7333,1,1322
j7334,1,59
j7335,1,1084
j7336,5,488
j7337,3,188
j7338,1072,33
j7339,1,842
j7340,1,52
j7341,1,59
j7342,1,41
j7343,1,427
j7344,1,1
j7345,1,369
j7346,1,1205
j7347,1,1150
j7348,1,490
j7349,1,31
j7350,9,425
j7351,31,1
j7352,10,37
j7353,1,24
j7354,51,306
j7355,8,1029
j7356,1,4
j7357,1,32
j7358,5,1381
j7359,1,244
j7360,1,1025
j7361,1,1
j7362,1,1
j7363,1,70
j7364,4,1386
j7365,1,90
j7366,53,244
j7367,1,6
j7368,1,19
j7369,1,57
j7370,1,1
j7371,1,1
j7372,1,250
j7373,1,69
j7374,1,5
j7375,4,6
j7376,1,91
j7377,1,1261
j7378,4,28
j7379,1,1387
j7380,1,52
j7381,1,1326
j7382,4,190
j7383,1,5
j7384,1,2
j7385,1,72
j7386,1,111
j7387,4,1
j7388,1,1
j7389,1,26
j7390,32,1
j7391,1,487
j7392,8,244
j7393,1,28
j7394,1,38
j7395,1,490
j7396,1,4
j7397,1,3
j7398,1,7
j7399,1,69
j7400,1,3
j7401,1,1387
j7402,3,17
j7403,8,1262
j7404,3,35
j7405,1,30
j7406,1,1
j7407,1,367
j7408,4,904
j7409,1,1081
j7410,1,52
j7411,1,28
j7412,8,135
j7413,1,41
j7414,1,51
j7415,267,850
j7416,8,40
j7417,23,88
j7418,1,1145
j7419,4,2
j7420,68,1382
j7421,1,242
j7422,1,1328
j7423,1,26
j7424,2,53
j7425,55,157
j7426,18,18
j7427,1,37
j7428,288,1381
j7429,1,19
j7430,1,1
j7431,1,1323
j7432,8,487
j7433,1,22
j7434,5,155
j7435,20,1329
j7436,1,968
j7437,1,1
j7438,1,9
j7439,1,367
j7440,40,54
j7441,1,52
j7442,1,603
j7443,1,250
j7444,1,17
j7445,12,48
j7446,1,5
j7447,1,308
j7448,1,429
j7449,1,1328
j7450,1,40
j7451,1,42
j7452,1,1202
j7453,554,1389
j7454,1,60
j7455,5,24
j7456,8,1082
j7457,1,1
j7458,1,5
j7459,4,1385
j7460,1,4
j7461,1,27
j7462,1,845
j7463,4,1386
j7464,3,1
j7465,1,486
j7466,1,1
j7467,1,421
j7468,1,1382
j7469,1,1384
j7470,1,1
j7471,1,30
j7472,1,38
j7473,40,30
j7474,1,726
j7475,8,3
j7476,1,310
j7477,1,6
j7478,1,1
j7479,1,129
j7480,1,17
j7481,5,901
j7482,8,36
j7483,1,1207
j7484,1,39
j7485,38,309
j7486,8,1026
j7487,1,609
j7488,60,969
j7489,1,14
j7490,1,50
j7491,1,1029
j7492,1,1203
j7493,1,4
j7494,1,56
j7495,1,39
j7496,1,1
j7497,1,64
j7498,1,9
j7499,1,3
j7500,1,141
j7501,11,59
j7502,1,52
j7503,8,607
j7504,1,664
j7505,1,5
j7506,1,964
j7507,1,44
j7508,1,244
j7509,1,35
j7510,1,1150
j7511,1,8
j7512,1,247
j7513,1,1028
j7514,1,1088
j7515,1,106
j7516,2,21
j7517,1,1324
j7518,1,542
j7519,1,1142
j7520,37,161
j7521,4,22
j7522,4,249
j7523,1,80
j7524,1,104
j7525,1,1387
j7526,1,34
j7527,1,1381
j7528,3,1
j7529,1,53
j7530,1,23
j7531,1,1382
j7532,1,1
j7533,95,1261
j7534,2,83
j7535,1,56
j7536,1,1383
j7537,1,1264
j7538,1,27
j7539,1,1
j7540,1,1087
j7541,1,50
j7542,4,247
j7543,4,8
j7544,1,25
j7545,3,112
j7546,1,1
j7547,1,310
j7548,1,32
j7549,1,304
j7550,72,1
